Facility ID,Facility Name,Address,City/Town,State,ZIP Code,County/Parish,Telephone Number,Measure ID,Measure Name,Score,Sample,Footnote,Start Date,End Date,geo_lat,geo_lon
360001,MERCY HEALTH-ANDERSON HOSPITAL,7500 STATE ROAD,CINCINNATI,OH,45255,HAMILTON,(513) 624-4500,PC_02,Cesarean Birth,Not Available,Not Available,4,01/01/2024,12/31/2024,39.0860316,-84.3491965
360001,MERCY HEALTH-ANDERSON HOSPITAL,7500 STATE ROAD,CINCINNATI,OH,45255,HAMILTON,(513) 624-4500,PC_07a,Risk Adjusted Severe Obstetric Complications (All),Not Available,Not Available,4,01/01/2024,12/31/2024,39.0860316,-84.3491965
360001,MERCY HEALTH-ANDERSON HOSPITAL,7500 STATE ROAD,CINCINNATI,OH,45255,HAMILTON,(513) 624-4500,PC_07b,Risk Adjusted Severe Obstetric Complications (excluding blood-transfusion-only cases),Not Available,Not Available,4,01/01/2024,12/31/2024,39.0860316,-84.3491965
360001,MERCY HEALTH-ANDERSON HOSPITAL,7500 STATE ROAD,CINCINNATI,OH,45255,HAMILTON,(513) 624-4500,SM_7,Maternal Morbidity Structural Measure,Yes,Not Applicable,,01/01/2024,12/31/2024,39.0860316,-84.3491965
360002,UNIVERSITY HOSPITALS SAMARITAN MEDICAL CENTER,1025 CENTER ST,ASHLAND,OH,44805,ASHLAND,(419) 289-0491,PC_02,Cesarean Birth,Not Available,Not Available,5,01/01/2024,12/31/2024,40.8589952,-82.3091869
360002,UNIVERSITY HOSPITALS SAMARITAN MEDICAL CENTER,1025 CENTER ST,ASHLAND,OH,44805,ASHLAND,(419) 289-0491,PC_07a,Risk Adjusted Severe Obstetric Complications (All),Not Available,Not Available,5,01/01/2024,12/31/2024,40.8589952,-82.3091869
360002,UNIVERSITY HOSPITALS SAMARITAN MEDICAL CENTER,1025 CENTER ST,ASHLAND,OH,44805,ASHLAND,(419) 289-0491,PC_07b,Risk Adjusted Severe Obstetric Complications (excluding blood-transfusion-only cases),Not Available,Not Available,5,01/01/2024,12/31/2024,40.8589952,-82.3091869
360002,UNIVERSITY HOSPITALS SAMARITAN MEDICAL CENTER,1025 CENTER ST,ASHLAND,OH,44805,ASHLAND,(419) 289-0491,SM_7,Maternal Morbidity Structural Measure,Not Applicable (our hospital does not provide inpatient labor/delivery care),Not Applicable,,01/01/2024,12/31/2024,40.8589952,-82.3091869
360003,"UNIVERSITY OF CINCINNATI MEDICAL CENTER, LLC",3188 BELLEVUE AVENUE,CINCINNATI,OH,45219,HAMILTON,(513) 584-1000,PC_02,Cesarean Birth,Not Available,Not Available,4,01/01/2024,12/31/2024,39.1366168,-84.5036992
360003,"UNIVERSITY OF CINCINNATI MEDICAL CENTER, LLC",3188 BELLEVUE AVENUE,CINCINNATI,OH,45219,HAMILTON,(513) 584-1000,PC_07a,Risk Adjusted Severe Obstetric Complications (All),Not Available,Not Available,4,01/01/2024,12/31/2024,39.1366168,-84.5036992
360003,"UNIVERSITY OF CINCINNATI MEDICAL CENTER, LLC",3188 BELLEVUE AVENUE,CINCINNATI,OH,45219,HAMILTON,(513) 584-1000,PC_07b,Risk Adjusted Severe Obstetric Complications (excluding blood-transfusion-only cases),Not Available,Not Available,4,01/01/2024,12/31/2024,39.1366168,-84.5036992
360003,"UNIVERSITY OF CINCINNATI MEDICAL CENTER, LLC",3188 BELLEVUE AVENUE,CINCINNATI,OH,45219,HAMILTON,(513) 584-1000,SM_7,Maternal Morbidity Structural Measure,Yes,Not Applicable,,01/01/2024,12/31/2024,39.1366168,-84.5036992
360006,RIVERSIDE METHODIST HOSPITAL,3535 OLENTANGY RIVER RD,COLUMBUS,OH,43214,FRANKLIN,(614) 566-5000,PC_02,Cesarean Birth,Not Available,Not Available,4,01/01/2024,12/31/2024,40.0312268,-83.0340807
360006,RIVERSIDE METHODIST HOSPITAL,3535 OLENTANGY RIVER RD,COLUMBUS,OH,43214,FRANKLIN,(614) 566-5000,PC_07a,Risk Adjusted Severe Obstetric Complications (All),Not Available,Not Available,4,01/01/2024,12/31/2024,40.0312268,-83.0340807
360006,RIVERSIDE METHODIST HOSPITAL,3535 OLENTANGY RIVER RD,COLUMBUS,OH,43214,FRANKLIN,(614) 566-5000,PC_07b,Risk Adjusted Severe Obstetric Complications (excluding blood-transfusion-only cases),Not Available,Not Available,4,01/01/2024,12/31/2024,40.0312268,-83.0340807
360006,RIVERSIDE METHODIST HOSPITAL,3535 OLENTANGY RIVER RD,COLUMBUS,OH,43214,FRANKLIN,(614) 566-5000,SM_7,Maternal Morbidity Structural Measure,Yes,Not Applicable,,01/01/2024,12/31/2024,40.0312268,-83.0340807
360008,SOUTHERN OHIO MEDICAL CENTER,1805 27TH STREET,PORTSMOUTH,OH,45662,SCIOTO,(740) 356-5788,PC_02,Cesarean Birth,Not Available,Not Available,4,01/01/2024,12/31/2024,38.7536362,-82.9789819
360008,SOUTHERN OHIO MEDICAL CENTER,1805 27TH STREET,PORTSMOUTH,OH,45662,SCIOTO,(740) 356-5788,PC_07a,Risk Adjusted Severe Obstetric Complications (All),Not Available,Not Available,4,01/01/2024,12/31/2024,38.7536362,-82.9789819
360008,SOUTHERN OHIO MEDICAL CENTER,1805 27TH STREET,PORTSMOUTH,OH,45662,SCIOTO,(740) 356-5788,PC_07b,Risk Adjusted Severe Obstetric Complications (excluding blood-transfusion-only cases),Not Available,Not Available,4,01/01/2024,12/31/2024,38.7536362,-82.9789819
360008,SOUTHERN OHIO MEDICAL CENTER,1805 27TH STREET,PORTSMOUTH,OH,45662,SCIOTO,(740) 356-5788,SM_7,Maternal Morbidity Structural Measure,Yes,Not Applicable,,01/01/2024,12/31/2024,38.7536362,-82.9789819
360009,LIMA MEMORIAL HEALTH SYSTEM,1001 BELLEFONTAINE AVENUE,LIMA,OH,45804,ALLEN,(419) 998-4731,PC_02,Cesarean Birth,Not Available,Not Available,4,01/01/2024,12/31/2024,40.735896,-84.0858511
360009,LIMA MEMORIAL HEALTH SYSTEM,1001 BELLEFONTAINE AVENUE,LIMA,OH,45804,ALLEN,(419) 998-4731,PC_07a,Risk Adjusted Severe Obstetric Complications (All),Not Available,Not Available,4,01/01/2024,12/31/2024,40.735896,-84.0858511
360009,LIMA MEMORIAL HEALTH SYSTEM,1001 BELLEFONTAINE AVENUE,LIMA,OH,45804,ALLEN,(419) 998-4731,PC_07b,Risk Adjusted Severe Obstetric Complications (excluding blood-transfusion-only cases),Not Available,Not Available,4,01/01/2024,12/31/2024,40.735896,-84.0858511
360009,LIMA MEMORIAL HEALTH SYSTEM,1001 BELLEFONTAINE AVENUE,LIMA,OH,45804,ALLEN,(419) 998-4731,SM_7,Maternal Morbidity Structural Measure,Yes,Not Applicable,,01/01/2024,12/31/2024,40.735896,-84.0858511
360010,UNION HOSPITAL,659 BOULEVARD,DOVER,OH,44622,TUSCARAWAS,(330) 343-3311,PC_02,Cesarean Birth,Not Available,Not Available,4,01/01/2024,12/31/2024,40.514855,-81.4556823
360010,UNION HOSPITAL,659 BOULEVARD,DOVER,OH,44622,TUSCARAWAS,(330) 343-3311,PC_07a,Risk Adjusted Severe Obstetric Complications (All),Not Available,Not Available,4,01/01/2024,12/31/2024,40.514855,-81.4556823
360010,UNION HOSPITAL,659 BOULEVARD,DOVER,OH,44622,TUSCARAWAS,(330) 343-3311,PC_07b,Risk Adjusted Severe Obstetric Complications (excluding blood-transfusion-only cases),Not Available,Not Available,4,01/01/2024,12/31/2024,40.514855,-81.4556823
360010,UNION HOSPITAL,659 BOULEVARD,DOVER,OH,44622,TUSCARAWAS,(330) 343-3311,SM_7,Maternal Morbidity Structural Measure,Yes,Not Applicable,,01/01/2024,12/31/2024,40.514855,-81.4556823
360011,MARION GENERAL HOSPITAL,1000 MCKINLEY PARK DRIVE,MARION,OH,43302,MARION,(740) 383-8400,PC_02,Cesarean Birth,Not Available,Not Available,4,01/01/2024,12/31/2024,40.5712484,-83.1293227
360011,MARION GENERAL HOSPITAL,1000 MCKINLEY PARK DRIVE,MARION,OH,43302,MARION,(740) 383-8400,PC_07a,Risk Adjusted Severe Obstetric Complications (All),Not Available,Not Available,4,01/01/2024,12/31/2024,40.5712484,-83.1293227
360011,MARION GENERAL HOSPITAL,1000 MCKINLEY PARK DRIVE,MARION,OH,43302,MARION,(740) 383-8400,PC_07b,Risk Adjusted Severe Obstetric Complications (excluding blood-transfusion-only cases),Not Available,Not Available,4,01/01/2024,12/31/2024,40.5712484,-83.1293227
360011,MARION GENERAL HOSPITAL,1000 MCKINLEY PARK DRIVE,MARION,OH,43302,MARION,(740) 383-8400,SM_7,Maternal Morbidity Structural Measure,Yes,Not Applicable,,01/01/2024,12/31/2024,40.5712484,-83.1293227
360012,MOUNT CARMEL ST ANN'S,500 SOUTH CLEVELAND AVENUE,WESTERVILLE,OH,43081,FRANKLIN,(614) 546-4034,PC_02,Cesarean Birth,Not Available,Not Available,4,01/01/2024,12/31/2024,40.11917,-82.948469
360012,MOUNT CARMEL ST ANN'S,500 SOUTH CLEVELAND AVENUE,WESTERVILLE,OH,43081,FRANKLIN,(614) 546-4034,PC_07a,Risk Adjusted Severe Obstetric Complications (All),Not Available,Not Available,4,01/01/2024,12/31/2024,40.11917,-82.948469
360012,MOUNT CARMEL ST ANN'S,500 SOUTH CLEVELAND AVENUE,WESTERVILLE,OH,43081,FRANKLIN,(614) 546-4034,PC_07b,Risk Adjusted Severe Obstetric Complications (excluding blood-transfusion-only cases),Not Available,Not Available,4,01/01/2024,12/31/2024,40.11917,-82.948469
360012,MOUNT CARMEL ST ANN'S,500 SOUTH CLEVELAND AVENUE,WESTERVILLE,OH,43081,FRANKLIN,(614) 546-4034,SM_7,Maternal Morbidity Structural Measure,Yes,Not Applicable,,01/01/2024,12/31/2024,40.11917,-82.948469
360013,WILSON MEMORIAL HOSPITAL,915 WEST MICHIGAN STREET,SIDNEY,OH,45365,SHELBY,(937) 498-5405,PC_02,Cesarean Birth,Not Available,Not Available,4,01/01/2024,12/31/2024,40.2868841,-84.1706445
360013,WILSON MEMORIAL HOSPITAL,915 WEST MICHIGAN STREET,SIDNEY,OH,45365,SHELBY,(937) 498-5405,PC_07a,Risk Adjusted Severe Obstetric Complications (All),Not Available,Not Available,4,01/01/2024,12/31/2024,40.2868841,-84.1706445
360013,WILSON MEMORIAL HOSPITAL,915 WEST MICHIGAN STREET,SIDNEY,OH,45365,SHELBY,(937) 498-5405,PC_07b,Risk Adjusted Severe Obstetric Complications (excluding blood-transfusion-only cases),Not Available,Not Available,4,01/01/2024,12/31/2024,40.2868841,-84.1706445
360013,WILSON MEMORIAL HOSPITAL,915 WEST MICHIGAN STREET,SIDNEY,OH,45365,SHELBY,(937) 498-5405,SM_7,Maternal Morbidity Structural Measure,Yes,Not Applicable,,01/01/2024,12/31/2024,40.2868841,-84.1706445
360014,OHIOHEALTH O'BLENESS HOSPITAL,55 HOSPITAL DRIVE,ATHENS,OH,45701,ATHENS,(740) 593-5551,PC_02,Cesarean Birth,Not Available,Not Available,4,01/01/2024,12/31/2024,39.327258,-82.1142966
360014,OHIOHEALTH O'BLENESS HOSPITAL,55 HOSPITAL DRIVE,ATHENS,OH,45701,ATHENS,(740) 593-5551,PC_07a,Risk Adjusted Severe Obstetric Complications (All),Not Available,Not Available,4,01/01/2024,12/31/2024,39.327258,-82.1142966
360014,OHIOHEALTH O'BLENESS HOSPITAL,55 HOSPITAL DRIVE,ATHENS,OH,45701,ATHENS,(740) 593-5551,PC_07b,Risk Adjusted Severe Obstetric Complications (excluding blood-transfusion-only cases),Not Available,Not Available,4,01/01/2024,12/31/2024,39.327258,-82.1142966
360014,OHIOHEALTH O'BLENESS HOSPITAL,55 HOSPITAL DRIVE,ATHENS,OH,45701,ATHENS,(740) 593-5551,SM_7,Maternal Morbidity Structural Measure,Yes,Not Applicable,,01/01/2024,12/31/2024,39.327258,-82.1142966
360016,THE JEWISH HOSPITAL-MERCY HEALTH,4777 EAST GALBRAITH ROAD,CINCINNATI,OH,45236,HAMILTON,(513) 686-3000,PC_02,Cesarean Birth,Not Available,Not Available,5,01/01/2024,12/31/2024,39.2122133,-84.4579333
360016,THE JEWISH HOSPITAL-MERCY HEALTH,4777 EAST GALBRAITH ROAD,CINCINNATI,OH,45236,HAMILTON,(513) 686-3000,PC_07a,Risk Adjusted Severe Obstetric Complications (All),Not Available,Not Available,5,01/01/2024,12/31/2024,39.2122133,-84.4579333
360016,THE JEWISH HOSPITAL-MERCY HEALTH,4777 EAST GALBRAITH ROAD,CINCINNATI,OH,45236,HAMILTON,(513) 686-3000,PC_07b,Risk Adjusted Severe Obstetric Complications (excluding blood-transfusion-only cases),Not Available,Not Available,5,01/01/2024,12/31/2024,39.2122133,-84.4579333
360016,THE JEWISH HOSPITAL-MERCY HEALTH,4777 EAST GALBRAITH ROAD,CINCINNATI,OH,45236,HAMILTON,(513) 686-3000,SM_7,Maternal Morbidity Structural Measure,Not Applicable (our hospital does not provide inpatient labor/delivery care),Not Applicable,,01/01/2024,12/31/2024,39.2122133,-84.4579333
360017,GRANT MEDICAL CENTER,111 SOUTH GRANT AVENUE,COLUMBUS,OH,43215,FRANKLIN,(614) 566-9164,PC_02,Cesarean Birth,Not Available,Not Available,4,01/01/2024,12/31/2024,39.9605075,-82.9913476
360017,GRANT MEDICAL CENTER,111 SOUTH GRANT AVENUE,COLUMBUS,OH,43215,FRANKLIN,(614) 566-9164,PC_07a,Risk Adjusted Severe Obstetric Complications (All),Not Available,Not Available,4,01/01/2024,12/31/2024,39.9605075,-82.9913476
360017,GRANT MEDICAL CENTER,111 SOUTH GRANT AVENUE,COLUMBUS,OH,43215,FRANKLIN,(614) 566-9164,PC_07b,Risk Adjusted Severe Obstetric Complications (excluding blood-transfusion-only cases),Not Available,Not Available,4,01/01/2024,12/31/2024,39.9605075,-82.9913476
360017,GRANT MEDICAL CENTER,111 SOUTH GRANT AVENUE,COLUMBUS,OH,43215,FRANKLIN,(614) 566-9164,SM_7,Maternal Morbidity Structural Measure,Yes,Not Applicable,,01/01/2024,12/31/2024,39.9605075,-82.9913476
360020,SUMMA HEALTH SYSTEM,525 EAST MARKET STREET,AKRON,OH,44309,SUMMIT,(330) 375-3000,PC_02,Cesarean Birth,Not Available,Not Available,4,01/01/2024,12/31/2024,41.0807264,-81.5004782
360020,SUMMA HEALTH SYSTEM,525 EAST MARKET STREET,AKRON,OH,44309,SUMMIT,(330) 375-3000,PC_07a,Risk Adjusted Severe Obstetric Complications (All),Not Available,Not Available,4,01/01/2024,12/31/2024,41.0807264,-81.5004782
360020,SUMMA HEALTH SYSTEM,525 EAST MARKET STREET,AKRON,OH,44309,SUMMIT,(330) 375-3000,PC_07b,Risk Adjusted Severe Obstetric Complications (excluding blood-transfusion-only cases),Not Available,Not Available,4,01/01/2024,12/31/2024,41.0807264,-81.5004782
360020,SUMMA HEALTH SYSTEM,525 EAST MARKET STREET,AKRON,OH,44309,SUMMIT,(330) 375-3000,SM_7,Maternal Morbidity Structural Measure,Yes,Not Applicable,,01/01/2024,12/31/2024,41.0807264,-81.5004782
360025,FIRELANDS REGIONAL MEDICAL CENTER,1111 HAYES AVENUE,SANDUSKY,OH,44870,ERIE,(419) 557-7400,PC_02,Cesarean Birth,Not Available,Not Available,4,01/01/2024,12/31/2024,41.4455327,-82.7111748
360025,FIRELANDS REGIONAL MEDICAL CENTER,1111 HAYES AVENUE,SANDUSKY,OH,44870,ERIE,(419) 557-7400,PC_07a,Risk Adjusted Severe Obstetric Complications (All),Not Available,Not Available,4,01/01/2024,12/31/2024,41.4455327,-82.7111748
360025,FIRELANDS REGIONAL MEDICAL CENTER,1111 HAYES AVENUE,SANDUSKY,OH,44870,ERIE,(419) 557-7400,PC_07b,Risk Adjusted Severe Obstetric Complications (excluding blood-transfusion-only cases),Not Available,Not Available,4,01/01/2024,12/31/2024,41.4455327,-82.7111748
360025,FIRELANDS REGIONAL MEDICAL CENTER,1111 HAYES AVENUE,SANDUSKY,OH,44870,ERIE,(419) 557-7400,SM_7,Maternal Morbidity Structural Measure,Yes,Not Applicable,,01/01/2024,12/31/2024,41.4455327,-82.7111748
360026,KETTERING HEALTH GREENE MEMORIAL,1141 NORTH MONROE DRIVE,XENIA,OH,45385,GREENE,(937) 352-2000,PC_02,Cesarean Birth,Not Available,Not Available,5,01/01/2024,12/31/2024,39.700928,-83.9269175
360026,KETTERING HEALTH GREENE MEMORIAL,1141 NORTH MONROE DRIVE,XENIA,OH,45385,GREENE,(937) 352-2000,PC_07a,Risk Adjusted Severe Obstetric Complications (All),Not Available,Not Available,5,01/01/2024,12/31/2024,39.700928,-83.9269175
360026,KETTERING HEALTH GREENE MEMORIAL,1141 NORTH MONROE DRIVE,XENIA,OH,45385,GREENE,(937) 352-2000,PC_07b,Risk Adjusted Severe Obstetric Complications (excluding blood-transfusion-only cases),Not Available,Not Available,5,01/01/2024,12/31/2024,39.700928,-83.9269175
360026,KETTERING HEALTH GREENE MEMORIAL,1141 NORTH MONROE DRIVE,XENIA,OH,45385,GREENE,(937) 352-2000,SM_7,Maternal Morbidity Structural Measure,Not Applicable (our hospital does not provide inpatient labor/delivery care),Not Applicable,,01/01/2024,12/31/2024,39.700928,-83.9269175
360027,AKRON GENERAL MEDICAL CENTER,1 AKRON GENERAL AVENUE,AKRON,OH,44307,SUMMIT,(330) 344-6000,PC_02,Cesarean Birth,Not Available,Not Available,4,01/01/2024,12/31/2024,41.0784407,-81.5315615
360027,AKRON GENERAL MEDICAL CENTER,1 AKRON GENERAL AVENUE,AKRON,OH,44307,SUMMIT,(330) 344-6000,PC_07a,Risk Adjusted Severe Obstetric Complications (All),Not Available,Not Available,4,01/01/2024,12/31/2024,41.0784407,-81.5315615
360027,AKRON GENERAL MEDICAL CENTER,1 AKRON GENERAL AVENUE,AKRON,OH,44307,SUMMIT,(330) 344-6000,PC_07b,Risk Adjusted Severe Obstetric Complications (excluding blood-transfusion-only cases),Not Available,Not Available,4,01/01/2024,12/31/2024,41.0784407,-81.5315615
360027,AKRON GENERAL MEDICAL CENTER,1 AKRON GENERAL AVENUE,AKRON,OH,44307,SUMMIT,(330) 344-6000,SM_7,Maternal Morbidity Structural Measure,Yes,Not Applicable,,01/01/2024,12/31/2024,41.0784407,-81.5315615
360029,WOOD COUNTY HOSPITAL,950 WEST WOOSTER STREET,BOWLING GREEN,OH,43402,WOOD,(419) 354-8900,PC_02,Cesarean Birth,Not Available,Not Available,4,01/01/2024,12/31/2024,41.3756,-83.6662563
360029,WOOD COUNTY HOSPITAL,950 WEST WOOSTER STREET,BOWLING GREEN,OH,43402,WOOD,(419) 354-8900,PC_07a,Risk Adjusted Severe Obstetric Complications (All),Not Available,Not Available,4,01/01/2024,12/31/2024,41.3756,-83.6662563
360029,WOOD COUNTY HOSPITAL,950 WEST WOOSTER STREET,BOWLING GREEN,OH,43402,WOOD,(419) 354-8900,PC_07b,Risk Adjusted Severe Obstetric Complications (excluding blood-transfusion-only cases),Not Available,Not Available,4,01/01/2024,12/31/2024,41.3756,-83.6662563
360029,WOOD COUNTY HOSPITAL,950 WEST WOOSTER STREET,BOWLING GREEN,OH,43402,WOOD,(419) 354-8900,SM_7,Maternal Morbidity Structural Measure,Yes,Not Applicable,,01/01/2024,12/31/2024,41.3756,-83.6662563
360032,GRAND LAKE HEALTH SYSTEM,200 SAINT CLAIR STREET,SAINT MARYS,OH,45885,AUGLAIZE,(419) 394-3335,PC_02,Cesarean Birth,Not Available,Not Available,4,01/01/2024,12/31/2024,,
360032,GRAND LAKE HEALTH SYSTEM,200 SAINT CLAIR STREET,SAINT MARYS,OH,45885,AUGLAIZE,(419) 394-3335,PC_07a,Risk Adjusted Severe Obstetric Complications (All),Not Available,Not Available,4,01/01/2024,12/31/2024,,
360032,GRAND LAKE HEALTH SYSTEM,200 SAINT CLAIR STREET,SAINT MARYS,OH,45885,AUGLAIZE,(419) 394-3335,PC_07b,Risk Adjusted Severe Obstetric Complications (excluding blood-transfusion-only cases),Not Available,Not Available,4,01/01/2024,12/31/2024,,
360032,GRAND LAKE HEALTH SYSTEM,200 SAINT CLAIR STREET,SAINT MARYS,OH,45885,AUGLAIZE,(419) 394-3335,SM_7,Maternal Morbidity Structural Measure,Yes,Not Applicable,,01/01/2024,12/31/2024,,
360035,MOUNT CARMEL EAST & WEST,6001 EAST BROAD STREET,COLUMBUS,OH,43213,FRANKLIN,(614) 234-5000,PC_02,Cesarean Birth,Not Available,Not Available,4,01/01/2024,12/31/2024,39.9772905,-82.844166
360035,MOUNT CARMEL EAST & WEST,6001 EAST BROAD STREET,COLUMBUS,OH,43213,FRANKLIN,(614) 234-5000,PC_07a,Risk Adjusted Severe Obstetric Complications (All),Not Available,Not Available,4,01/01/2024,12/31/2024,39.9772905,-82.844166
360035,MOUNT CARMEL EAST & WEST,6001 EAST BROAD STREET,COLUMBUS,OH,43213,FRANKLIN,(614) 234-5000,PC_07b,Risk Adjusted Severe Obstetric Complications (excluding blood-transfusion-only cases),Not Available,Not Available,4,01/01/2024,12/31/2024,39.9772905,-82.844166
360035,MOUNT CARMEL EAST & WEST,6001 EAST BROAD STREET,COLUMBUS,OH,43213,FRANKLIN,(614) 234-5000,SM_7,Maternal Morbidity Structural Measure,Yes,Not Applicable,,01/01/2024,12/31/2024,39.9772905,-82.844166
360036,WOOSTER COMMUNITY HOSPITAL,1761 BEALL AVENUE,WOOSTER,OH,44691,WAYNE,(330) 263-8348,PC_02,Cesarean Birth,Not Available,Not Available,4,01/01/2024,12/31/2024,40.8211869,-81.9322306
360036,WOOSTER COMMUNITY HOSPITAL,1761 BEALL AVENUE,WOOSTER,OH,44691,WAYNE,(330) 263-8348,PC_07a,Risk Adjusted Severe Obstetric Complications (All),Not Available,Not Available,4,01/01/2024,12/31/2024,40.8211869,-81.9322306
360036,WOOSTER COMMUNITY HOSPITAL,1761 BEALL AVENUE,WOOSTER,OH,44691,WAYNE,(330) 263-8348,PC_07b,Risk Adjusted Severe Obstetric Complications (excluding blood-transfusion-only cases),Not Available,Not Available,4,01/01/2024,12/31/2024,40.8211869,-81.9322306
360036,WOOSTER COMMUNITY HOSPITAL,1761 BEALL AVENUE,WOOSTER,OH,44691,WAYNE,(330) 263-8348,SM_7,Maternal Morbidity Structural Measure,Yes,Not Applicable,,01/01/2024,12/31/2024,40.8211869,-81.9322306
360039,GENESIS HOSPITAL,2951 MAPLE AVENUE,ZANESVILLE,OH,43701,MUSKINGUM,(740) 454-5000,PC_02,Cesarean Birth,Not Available,Not Available,4,01/01/2024,12/31/2024,39.9748022,-82.016605
360039,GENESIS HOSPITAL,2951 MAPLE AVENUE,ZANESVILLE,OH,43701,MUSKINGUM,(740) 454-5000,PC_07a,Risk Adjusted Severe Obstetric Complications (All),Not Available,Not Available,4,01/01/2024,12/31/2024,39.9748022,-82.016605
360039,GENESIS HOSPITAL,2951 MAPLE AVENUE,ZANESVILLE,OH,43701,MUSKINGUM,(740) 454-5000,PC_07b,Risk Adjusted Severe Obstetric Complications (excluding blood-transfusion-only cases),Not Available,Not Available,4,01/01/2024,12/31/2024,39.9748022,-82.016605
360039,GENESIS HOSPITAL,2951 MAPLE AVENUE,ZANESVILLE,OH,43701,MUSKINGUM,(740) 454-5000,SM_7,Maternal Morbidity Structural Measure,Yes,Not Applicable,,01/01/2024,12/31/2024,39.9748022,-82.016605
360040,KNOX COMMUNITY HOSPITAL,1330 COSHOCTON ROAD,MOUNT VERNON,OH,43050,KNOX,(740) 393-9000,PC_02,Cesarean Birth,Not Available,Not Available,4,01/01/2024,12/31/2024,40.3992186,-82.4475272
360040,KNOX COMMUNITY HOSPITAL,1330 COSHOCTON ROAD,MOUNT VERNON,OH,43050,KNOX,(740) 393-9000,PC_07a,Risk Adjusted Severe Obstetric Complications (All),Not Available,Not Available,4,01/01/2024,12/31/2024,40.3992186,-82.4475272
360040,KNOX COMMUNITY HOSPITAL,1330 COSHOCTON ROAD,MOUNT VERNON,OH,43050,KNOX,(740) 393-9000,PC_07b,Risk Adjusted Severe Obstetric Complications (excluding blood-transfusion-only cases),Not Available,Not Available,4,01/01/2024,12/31/2024,40.3992186,-82.4475272
360040,KNOX COMMUNITY HOSPITAL,1330 COSHOCTON ROAD,MOUNT VERNON,OH,43050,KNOX,(740) 393-9000,SM_7,Maternal Morbidity Structural Measure,Yes,Not Applicable,,01/01/2024,12/31/2024,40.3992186,-82.4475272
360041,PARMA COMMUNITY GENERAL HOSPITAL,7007 POWERS BOULEVARD,PARMA,OH,44129,CUYAHOGA,(440) 743-3000,PC_02,Cesarean Birth,Not Available,Not Available,5,01/01/2024,12/31/2024,41.3815042,-81.7307183
360041,PARMA COMMUNITY GENERAL HOSPITAL,7007 POWERS BOULEVARD,PARMA,OH,44129,CUYAHOGA,(440) 743-3000,PC_07a,Risk Adjusted Severe Obstetric Complications (All),Not Available,Not Available,5,01/01/2024,12/31/2024,41.3815042,-81.7307183
360041,PARMA COMMUNITY GENERAL HOSPITAL,7007 POWERS BOULEVARD,PARMA,OH,44129,CUYAHOGA,(440) 743-3000,PC_07b,Risk Adjusted Severe Obstetric Complications (excluding blood-transfusion-only cases),Not Available,Not Available,5,01/01/2024,12/31/2024,41.3815042,-81.7307183
360041,PARMA COMMUNITY GENERAL HOSPITAL,7007 POWERS BOULEVARD,PARMA,OH,44129,CUYAHOGA,(440) 743-3000,SM_7,Maternal Morbidity Structural Measure,Not Applicable (our hospital does not provide inpatient labor/delivery care),Not Applicable,,01/01/2024,12/31/2024,41.3815042,-81.7307183
360046,MCCULLOUGH-HYDE MEMORIAL HOSPITAL,110 NORTH POPLAR STREET,OXFORD,OH,45056,BUTLER,(513) 523-2111,PC_02,Cesarean Birth,Not Available,Not Available,4,01/01/2024,12/31/2024,39.5123983,-84.7415859
360046,MCCULLOUGH-HYDE MEMORIAL HOSPITAL,110 NORTH POPLAR STREET,OXFORD,OH,45056,BUTLER,(513) 523-2111,PC_07a,Risk Adjusted Severe Obstetric Complications (All),Not Available,Not Available,4,01/01/2024,12/31/2024,39.5123983,-84.7415859
360046,MCCULLOUGH-HYDE MEMORIAL HOSPITAL,110 NORTH POPLAR STREET,OXFORD,OH,45056,BUTLER,(513) 523-2111,PC_07b,Risk Adjusted Severe Obstetric Complications (excluding blood-transfusion-only cases),Not Available,Not Available,4,01/01/2024,12/31/2024,39.5123983,-84.7415859
360046,MCCULLOUGH-HYDE MEMORIAL HOSPITAL,110 NORTH POPLAR STREET,OXFORD,OH,45056,BUTLER,(513) 523-2111,SM_7,Maternal Morbidity Structural Measure,Yes,Not Applicable,,01/01/2024,12/31/2024,39.5123983,-84.7415859
360048,UNIVERSITY OF TOLEDO MEDICAL CENTER,3000 ARLINGTON AVENUE,TOLEDO,OH,43614,LUCAS,(419) 383-3407,PC_02,Cesarean Birth,Not Available,Not Available,5,01/01/2024,12/31/2024,41.619478,-83.620893
360048,UNIVERSITY OF TOLEDO MEDICAL CENTER,3000 ARLINGTON AVENUE,TOLEDO,OH,43614,LUCAS,(419) 383-3407,PC_07a,Risk Adjusted Severe Obstetric Complications (All),Not Available,Not Available,5,01/01/2024,12/31/2024,41.619478,-83.620893
360048,UNIVERSITY OF TOLEDO MEDICAL CENTER,3000 ARLINGTON AVENUE,TOLEDO,OH,43614,LUCAS,(419) 383-3407,PC_07b,Risk Adjusted Severe Obstetric Complications (excluding blood-transfusion-only cases),Not Available,Not Available,5,01/01/2024,12/31/2024,41.619478,-83.620893
360048,UNIVERSITY OF TOLEDO MEDICAL CENTER,3000 ARLINGTON AVENUE,TOLEDO,OH,43614,LUCAS,(419) 383-3407,SM_7,Maternal Morbidity Structural Measure,Not Applicable (our hospital does not provide inpatient labor/delivery care),Not Applicable,,01/01/2024,12/31/2024,41.619478,-83.620893
360051,MIAMI VALLEY HOSPITAL,ONE WYOMING STREET,DAYTON,OH,45409,MONTGOMERY,(937) 208-3023,PC_02,Cesarean Birth,Not Available,Not Available,4,01/01/2024,12/31/2024,39.7444617,-84.185205
360051,MIAMI VALLEY HOSPITAL,ONE WYOMING STREET,DAYTON,OH,45409,MONTGOMERY,(937) 208-3023,PC_07a,Risk Adjusted Severe Obstetric Complications (All),Not Available,Not Available,4,01/01/2024,12/31/2024,39.7444617,-84.185205
360051,MIAMI VALLEY HOSPITAL,ONE WYOMING STREET,DAYTON,OH,45409,MONTGOMERY,(937) 208-3023,PC_07b,Risk Adjusted Severe Obstetric Complications (excluding blood-transfusion-only cases),Not Available,Not Available,4,01/01/2024,12/31/2024,39.7444617,-84.185205
360051,MIAMI VALLEY HOSPITAL,ONE WYOMING STREET,DAYTON,OH,45409,MONTGOMERY,(937) 208-3023,SM_7,Maternal Morbidity Structural Measure,Yes,Not Applicable,,01/01/2024,12/31/2024,39.7444617,-84.185205
360054,HOLZER MEDICAL CENTER,100 JACKSON PIKE,GALLIPOLIS,OH,45631,GALLIA,(740) 446-5030,PC_02,Cesarean Birth,Not Available,Not Available,4,01/01/2024,12/31/2024,38.8464575,-82.2375331
360054,HOLZER MEDICAL CENTER,100 JACKSON PIKE,GALLIPOLIS,OH,45631,GALLIA,(740) 446-5030,PC_07a,Risk Adjusted Severe Obstetric Complications (All),Not Available,Not Available,4,01/01/2024,12/31/2024,38.8464575,-82.2375331
360054,HOLZER MEDICAL CENTER,100 JACKSON PIKE,GALLIPOLIS,OH,45631,GALLIA,(740) 446-5030,PC_07b,Risk Adjusted Severe Obstetric Complications (excluding blood-transfusion-only cases),Not Available,Not Available,4,01/01/2024,12/31/2024,38.8464575,-82.2375331
360054,HOLZER MEDICAL CENTER,100 JACKSON PIKE,GALLIPOLIS,OH,45631,GALLIA,(740) 446-5030,SM_7,Maternal Morbidity Structural Measure,Yes,Not Applicable,,01/01/2024,12/31/2024,38.8464575,-82.2375331
360055,TRUMBULL REGIONAL MEDICAL CENTER,1350 EAST MARKET STREET,WARREN,OH,44482,TRUMBULL,(330) 841-9011,PC_02,Cesarean Birth,Not Available,Not Available,5,01/01/2024,12/31/2024,41.2352561,-80.7986961
360055,TRUMBULL REGIONAL MEDICAL CENTER,1350 EAST MARKET STREET,WARREN,OH,44482,TRUMBULL,(330) 841-9011,PC_07a,Risk Adjusted Severe Obstetric Complications (All),Not Available,Not Available,5,01/01/2024,12/31/2024,41.2352561,-80.7986961
360055,TRUMBULL REGIONAL MEDICAL CENTER,1350 EAST MARKET STREET,WARREN,OH,44482,TRUMBULL,(330) 841-9011,PC_07b,Risk Adjusted Severe Obstetric Complications (excluding blood-transfusion-only cases),Not Available,Not Available,5,01/01/2024,12/31/2024,41.2352561,-80.7986961
360055,TRUMBULL REGIONAL MEDICAL CENTER,1350 EAST MARKET STREET,WARREN,OH,44482,TRUMBULL,(330) 841-9011,SM_7,Maternal Morbidity Structural Measure,Not Available,Not Applicable,5,01/01/2024,12/31/2024,41.2352561,-80.7986961
360056,MERCY HEALTH - FAIRFIELD HOSPITAL,3000 MACK ROAD,FAIRFIELD,OH,45014,BUTLER,(513) 870-7000,PC_02,Cesarean Birth,Not Available,Not Available,4,01/01/2024,12/31/2024,39.311064,-84.518725
360056,MERCY HEALTH - FAIRFIELD HOSPITAL,3000 MACK ROAD,FAIRFIELD,OH,45014,BUTLER,(513) 870-7000,PC_07a,Risk Adjusted Severe Obstetric Complications (All),Not Available,Not Available,4,01/01/2024,12/31/2024,39.311064,-84.518725
360056,MERCY HEALTH - FAIRFIELD HOSPITAL,3000 MACK ROAD,FAIRFIELD,OH,45014,BUTLER,(513) 870-7000,PC_07b,Risk Adjusted Severe Obstetric Complications (excluding blood-transfusion-only cases),Not Available,Not Available,4,01/01/2024,12/31/2024,39.311064,-84.518725
360056,MERCY HEALTH - FAIRFIELD HOSPITAL,3000 MACK ROAD,FAIRFIELD,OH,45014,BUTLER,(513) 870-7000,SM_7,Maternal Morbidity Structural Measure,Yes,Not Applicable,,01/01/2024,12/31/2024,39.311064,-84.518725
360058,MERCER COUNTY JOINT TOWNSHIP COMMUNITY HOSPITAL,800 WEST MAIN STREET,COLDWATER,OH,45828,MERCER,(419) 678-4843,PC_02,Cesarean Birth,Not Available,Not Available,4,01/01/2024,12/31/2024,40.4806729,-84.64008
360058,MERCER COUNTY JOINT TOWNSHIP COMMUNITY HOSPITAL,800 WEST MAIN STREET,COLDWATER,OH,45828,MERCER,(419) 678-4843,PC_07a,Risk Adjusted Severe Obstetric Complications (All),Not Available,Not Available,4,01/01/2024,12/31/2024,40.4806729,-84.64008
360058,MERCER COUNTY JOINT TOWNSHIP COMMUNITY HOSPITAL,800 WEST MAIN STREET,COLDWATER,OH,45828,MERCER,(419) 678-4843,PC_07b,Risk Adjusted Severe Obstetric Complications (excluding blood-transfusion-only cases),Not Available,Not Available,4,01/01/2024,12/31/2024,40.4806729,-84.64008
360058,MERCER COUNTY JOINT TOWNSHIP COMMUNITY HOSPITAL,800 WEST MAIN STREET,COLDWATER,OH,45828,MERCER,(419) 678-4843,SM_7,Maternal Morbidity Structural Measure,Yes,Not Applicable,,01/01/2024,12/31/2024,40.4806729,-84.64008
360059,METROHEALTH SYSTEM,2500 METROHEALTH DRIVE,CLEVELAND,OH,44109,CUYAHOGA,(216) 778-7089,PC_02,Cesarean Birth,Not Available,Not Available,4,01/01/2024,12/31/2024,41.4604102,-81.697947
360059,METROHEALTH SYSTEM,2500 METROHEALTH DRIVE,CLEVELAND,OH,44109,CUYAHOGA,(216) 778-7089,PC_07a,Risk Adjusted Severe Obstetric Complications (All),Not Available,Not Available,4,01/01/2024,12/31/2024,41.4604102,-81.697947
360059,METROHEALTH SYSTEM,2500 METROHEALTH DRIVE,CLEVELAND,OH,44109,CUYAHOGA,(216) 778-7089,PC_07b,Risk Adjusted Severe Obstetric Complications (excluding blood-transfusion-only cases),Not Available,Not Available,4,01/01/2024,12/31/2024,41.4604102,-81.697947
360059,METROHEALTH SYSTEM,2500 METROHEALTH DRIVE,CLEVELAND,OH,44109,CUYAHOGA,(216) 778-7089,SM_7,Maternal Morbidity Structural Measure,Yes,Not Applicable,,01/01/2024,12/31/2024,41.4604102,-81.697947
360064,ST ELIZABETH YOUNGSTOWN HOSPITAL,1044 BELMONT AVENUE,YOUNGSTOWN,OH,44501,MAHONING,(330) 480-3022,PC_02,Cesarean Birth,Not Available,Not Available,4,01/01/2024,12/31/2024,41.1139164,-80.6580539
360064,ST ELIZABETH YOUNGSTOWN HOSPITAL,1044 BELMONT AVENUE,YOUNGSTOWN,OH,44501,MAHONING,(330) 480-3022,PC_07a,Risk Adjusted Severe Obstetric Complications (All),Not Available,Not Available,5,01/01/2024,12/31/2024,41.1139164,-80.6580539
360064,ST ELIZABETH YOUNGSTOWN HOSPITAL,1044 BELMONT AVENUE,YOUNGSTOWN,OH,44501,MAHONING,(330) 480-3022,PC_07b,Risk Adjusted Severe Obstetric Complications (excluding blood-transfusion-only cases),Not Available,Not Available,5,01/01/2024,12/31/2024,41.1139164,-80.6580539
360064,ST ELIZABETH YOUNGSTOWN HOSPITAL,1044 BELMONT AVENUE,YOUNGSTOWN,OH,44501,MAHONING,(330) 480-3022,SM_7,Maternal Morbidity Structural Measure,No,Not Applicable,,01/01/2024,12/31/2024,41.1139164,-80.6580539
360065,FISHER-TITUS HOSPITAL,272 BENEDICT AVENUE,NORWALK,OH,44857,HURON,(419) 668-8101,PC_02,Cesarean Birth,Not Available,Not Available,4,01/01/2024,12/31/2024,41.2245925,-82.603976
360065,FISHER-TITUS HOSPITAL,272 BENEDICT AVENUE,NORWALK,OH,44857,HURON,(419) 668-8101,PC_07a,Risk Adjusted Severe Obstetric Complications (All),Not Available,Not Available,4,01/01/2024,12/31/2024,41.2245925,-82.603976
360065,FISHER-TITUS HOSPITAL,272 BENEDICT AVENUE,NORWALK,OH,44857,HURON,(419) 668-8101,PC_07b,Risk Adjusted Severe Obstetric Complications (excluding blood-transfusion-only cases),Not Available,Not Available,4,01/01/2024,12/31/2024,41.2245925,-82.603976
360065,FISHER-TITUS HOSPITAL,272 BENEDICT AVENUE,NORWALK,OH,44857,HURON,(419) 668-8101,SM_7,Maternal Morbidity Structural Measure,Yes,Not Applicable,,01/01/2024,12/31/2024,41.2245925,-82.603976
360066,MERCY HEALTH-ST RITA'S MEDICAL CENTER,730 WEST MARKET STREET,LIMA,OH,45801,ALLEN,(419) 227-3361,PC_02,Cesarean Birth,Not Available,Not Available,4,01/01/2024,12/31/2024,40.7404231,-84.1192008
360066,MERCY HEALTH-ST RITA'S MEDICAL CENTER,730 WEST MARKET STREET,LIMA,OH,45801,ALLEN,(419) 227-3361,PC_07a,Risk Adjusted Severe Obstetric Complications (All),Not Available,Not Available,4,01/01/2024,12/31/2024,40.7404231,-84.1192008
360066,MERCY HEALTH-ST RITA'S MEDICAL CENTER,730 WEST MARKET STREET,LIMA,OH,45801,ALLEN,(419) 227-3361,PC_07b,Risk Adjusted Severe Obstetric Complications (excluding blood-transfusion-only cases),Not Available,Not Available,4,01/01/2024,12/31/2024,40.7404231,-84.1192008
360066,MERCY HEALTH-ST RITA'S MEDICAL CENTER,730 WEST MARKET STREET,LIMA,OH,45801,ALLEN,(419) 227-3361,SM_7,Maternal Morbidity Structural Measure,Yes,Not Applicable,,01/01/2024,12/31/2024,40.7404231,-84.1192008
360068,PROMEDICA TOLEDO HOSPITAL,2142 NORTH COVE BOULEVARD,TOLEDO,OH,43606,LUCAS,(419) 291-7463,PC_02,Cesarean Birth,Not Available,Not Available,4,01/01/2024,12/31/2024,41.6737582,-83.5949171
360068,PROMEDICA TOLEDO HOSPITAL,2142 NORTH COVE BOULEVARD,TOLEDO,OH,43606,LUCAS,(419) 291-7463,PC_07a,Risk Adjusted Severe Obstetric Complications (All),Not Available,Not Available,5,01/01/2024,12/31/2024,41.6737582,-83.5949171
360068,PROMEDICA TOLEDO HOSPITAL,2142 NORTH COVE BOULEVARD,TOLEDO,OH,43606,LUCAS,(419) 291-7463,PC_07b,Risk Adjusted Severe Obstetric Complications (excluding blood-transfusion-only cases),Not Available,Not Available,5,01/01/2024,12/31/2024,41.6737582,-83.5949171
360068,PROMEDICA TOLEDO HOSPITAL,2142 NORTH COVE BOULEVARD,TOLEDO,OH,43606,LUCAS,(419) 291-7463,SM_7,Maternal Morbidity Structural Measure,Yes,Not Applicable,,01/01/2024,12/31/2024,41.6737582,-83.5949171
36006F,88th Medical Group (Wright-Patterson AFB),88 MDG 4881 Sugar Maple Dr,Wright-Patterson AFB,OH,45433,GREENE,(937) 257-9926,SM_7,Maternal Morbidity Structural Measure,Not Available,Not Applicable,5,01/01/2024,12/31/2024,,
360070,MERCY MEDICAL CENTER,1320 MERCY DRIVE NW,CANTON,OH,44708,STARK,(330) 489-1111,PC_02,Cesarean Birth,Not Available,Not Available,4,01/01/2024,12/31/2024,40.8141869,-81.395739
360070,MERCY MEDICAL CENTER,1320 MERCY DRIVE NW,CANTON,OH,44708,STARK,(330) 489-1111,PC_07a,Risk Adjusted Severe Obstetric Complications (All),Not Available,Not Available,4,01/01/2024,12/31/2024,40.8141869,-81.395739
360070,MERCY MEDICAL CENTER,1320 MERCY DRIVE NW,CANTON,OH,44708,STARK,(330) 489-1111,PC_07b,Risk Adjusted Severe Obstetric Complications (excluding blood-transfusion-only cases),Not Available,Not Available,4,01/01/2024,12/31/2024,40.8141869,-81.395739
360070,MERCY MEDICAL CENTER,1320 MERCY DRIVE NW,CANTON,OH,44708,STARK,(330) 489-1111,SM_7,Maternal Morbidity Structural Measure,Yes,Not Applicable,,01/01/2024,12/31/2024,40.8141869,-81.395739
360071,VAN WERT COUNTY HOSPITAL,1250 S WASHINGTON STREET,VAN WERT,OH,45891,VAN WERT,(419) 238-8627,PC_02,Cesarean Birth,Not Available,Not Available,5,01/01/2024,12/31/2024,40.8506685,-84.5790986
360071,VAN WERT COUNTY HOSPITAL,1250 S WASHINGTON STREET,VAN WERT,OH,45891,VAN WERT,(419) 238-8627,PC_07a,Risk Adjusted Severe Obstetric Complications (All),Not Available,Not Available,5,01/01/2024,12/31/2024,40.8506685,-84.5790986
360071,VAN WERT COUNTY HOSPITAL,1250 S WASHINGTON STREET,VAN WERT,OH,45891,VAN WERT,(419) 238-8627,PC_07b,Risk Adjusted Severe Obstetric Complications (excluding blood-transfusion-only cases),Not Available,Not Available,5,01/01/2024,12/31/2024,40.8506685,-84.5790986
360071,VAN WERT COUNTY HOSPITAL,1250 S WASHINGTON STREET,VAN WERT,OH,45891,VAN WERT,(419) 238-8627,SM_7,Maternal Morbidity Structural Measure,Not Applicable (our hospital does not provide inpatient labor/delivery care),Not Applicable,,01/01/2024,12/31/2024,40.8506685,-84.5790986
360072,FAIRFIELD MEDICAL CENTER,401 NORTH EWING STREET,LANCASTER,OH,43130,FAIRFIELD,(740) 687-8000,PC_02,Cesarean Birth,Not Available,Not Available,4,01/01/2024,12/31/2024,39.7187569,-82.5761634
360072,FAIRFIELD MEDICAL CENTER,401 NORTH EWING STREET,LANCASTER,OH,43130,FAIRFIELD,(740) 687-8000,PC_07a,Risk Adjusted Severe Obstetric Complications (All),Not Available,Not Available,4,01/01/2024,12/31/2024,39.7187569,-82.5761634
360072,FAIRFIELD MEDICAL CENTER,401 NORTH EWING STREET,LANCASTER,OH,43130,FAIRFIELD,(740) 687-8000,PC_07b,Risk Adjusted Severe Obstetric Complications (excluding blood-transfusion-only cases),Not Available,Not Available,4,01/01/2024,12/31/2024,39.7187569,-82.5761634
360072,FAIRFIELD MEDICAL CENTER,401 NORTH EWING STREET,LANCASTER,OH,43130,FAIRFIELD,(740) 687-8000,SM_7,Maternal Morbidity Structural Measure,Yes,Not Applicable,,01/01/2024,12/31/2024,39.7187569,-82.5761634
360075,UH REGIONAL HOSPITALS,13207 RAVENNA ROAD,CHARDON,OH,44024,GEAUGA,(440) 285-6246,PC_02,Cesarean Birth,Not Available,Not Available,4,01/01/2024,12/31/2024,41.5085729,-81.1904819
360075,UH REGIONAL HOSPITALS,13207 RAVENNA ROAD,CHARDON,OH,44024,GEAUGA,(440) 285-6246,PC_07a,Risk Adjusted Severe Obstetric Complications (All),Not Available,Not Available,4,01/01/2024,12/31/2024,41.5085729,-81.1904819
360075,UH REGIONAL HOSPITALS,13207 RAVENNA ROAD,CHARDON,OH,44024,GEAUGA,(440) 285-6246,PC_07b,Risk Adjusted Severe Obstetric Complications (excluding blood-transfusion-only cases),Not Available,Not Available,4,01/01/2024,12/31/2024,41.5085729,-81.1904819
360075,UH REGIONAL HOSPITALS,13207 RAVENNA ROAD,CHARDON,OH,44024,GEAUGA,(440) 285-6246,SM_7,Maternal Morbidity Structural Measure,Yes,Not Applicable,,01/01/2024,12/31/2024,41.5085729,-81.1904819
360076,ATRIUM MEDICAL CENTER,ONE MEDICAL CENTER DRIVE,FRANKLIN,OH,45005,WARREN,(513) 420-5102,PC_02,Cesarean Birth,Not Available,Not Available,4,01/01/2024,12/31/2024,39.9922624,-83.0220446
360076,ATRIUM MEDICAL CENTER,ONE MEDICAL CENTER DRIVE,FRANKLIN,OH,45005,WARREN,(513) 420-5102,PC_07a,Risk Adjusted Severe Obstetric Complications (All),Not Available,Not Available,4,01/01/2024,12/31/2024,39.9922624,-83.0220446
360076,ATRIUM MEDICAL CENTER,ONE MEDICAL CENTER DRIVE,FRANKLIN,OH,45005,WARREN,(513) 420-5102,PC_07b,Risk Adjusted Severe Obstetric Complications (excluding blood-transfusion-only cases),Not Available,Not Available,4,01/01/2024,12/31/2024,39.9922624,-83.0220446
360076,ATRIUM MEDICAL CENTER,ONE MEDICAL CENTER DRIVE,FRANKLIN,OH,45005,WARREN,(513) 420-5102,SM_7,Maternal Morbidity Structural Measure,Yes,Not Applicable,,01/01/2024,12/31/2024,39.9922624,-83.0220446
360077,FAIRVIEW HOSPITAL,18101 LORAIN AVENUE,CLEVELAND,OH,44111,CUYAHOGA,(216) 476-7000,PC_02,Cesarean Birth,Not Available,Not Available,4,01/01/2024,12/31/2024,41.4493903,-81.8231575
360077,FAIRVIEW HOSPITAL,18101 LORAIN AVENUE,CLEVELAND,OH,44111,CUYAHOGA,(216) 476-7000,PC_07a,Risk Adjusted Severe Obstetric Complications (All),Not Available,Not Available,4,01/01/2024,12/31/2024,41.4493903,-81.8231575
360077,FAIRVIEW HOSPITAL,18101 LORAIN AVENUE,CLEVELAND,OH,44111,CUYAHOGA,(216) 476-7000,PC_07b,Risk Adjusted Severe Obstetric Complications (excluding blood-transfusion-only cases),Not Available,Not Available,4,01/01/2024,12/31/2024,41.4493903,-81.8231575
360077,FAIRVIEW HOSPITAL,18101 LORAIN AVENUE,CLEVELAND,OH,44111,CUYAHOGA,(216) 476-7000,SM_7,Maternal Morbidity Structural Measure,Yes,Not Applicable,,01/01/2024,12/31/2024,41.4493903,-81.8231575
360078,UNIVERSITY HOSPITALS PORTAGE MEDICAL CENTER,6847 N CHESTNUT,RAVENNA,OH,44266,PORTAGE,(330) 297-2300,PC_02,Cesarean Birth,Not Available,Not Available,5,01/01/2024,12/31/2024,41.1756518,-81.2495582
360078,UNIVERSITY HOSPITALS PORTAGE MEDICAL CENTER,6847 N CHESTNUT,RAVENNA,OH,44266,PORTAGE,(330) 297-2300,PC_07a,Risk Adjusted Severe Obstetric Complications (All),Not Available,Not Available,5,01/01/2024,12/31/2024,41.1756518,-81.2495582
360078,UNIVERSITY HOSPITALS PORTAGE MEDICAL CENTER,6847 N CHESTNUT,RAVENNA,OH,44266,PORTAGE,(330) 297-2300,PC_07b,Risk Adjusted Severe Obstetric Complications (excluding blood-transfusion-only cases),Not Available,Not Available,5,01/01/2024,12/31/2024,41.1756518,-81.2495582
360078,UNIVERSITY HOSPITALS PORTAGE MEDICAL CENTER,6847 N CHESTNUT,RAVENNA,OH,44266,PORTAGE,(330) 297-2300,SM_7,Maternal Morbidity Structural Measure,Not Applicable (our hospital does not provide inpatient labor/delivery care),Not Applicable,,01/01/2024,12/31/2024,41.1756518,-81.2495582
360079,KETTERING HEALTH MAIN CAMPUS,3535 SOUTHERN BOULEVARD,KETTERING,OH,45429,MONTGOMERY,(937) 298-4331,PC_02,Cesarean Birth,Not Available,Not Available,4,01/01/2024,12/31/2024,39.6962082,-84.1906759
360079,KETTERING HEALTH MAIN CAMPUS,3535 SOUTHERN BOULEVARD,KETTERING,OH,45429,MONTGOMERY,(937) 298-4331,PC_07a,Risk Adjusted Severe Obstetric Complications (All),Not Available,Not Available,4,01/01/2024,12/31/2024,39.6962082,-84.1906759
360079,KETTERING HEALTH MAIN CAMPUS,3535 SOUTHERN BOULEVARD,KETTERING,OH,45429,MONTGOMERY,(937) 298-4331,PC_07b,Risk Adjusted Severe Obstetric Complications (excluding blood-transfusion-only cases),Not Available,Not Available,4,01/01/2024,12/31/2024,39.6962082,-84.1906759
360079,KETTERING HEALTH MAIN CAMPUS,3535 SOUTHERN BOULEVARD,KETTERING,OH,45429,MONTGOMERY,(937) 298-4331,SM_7,Maternal Morbidity Structural Measure,Yes,Not Applicable,,01/01/2024,12/31/2024,39.6962082,-84.1906759
360080,EAST OHIO REGIONAL HOSPITAL,90 NORTH FOURTH STREET,MARTINS FERRY,OH,43935,BELMONT,(740) 633-1100,PC_02,Cesarean Birth,Not Available,Not Available,5,01/01/2024,12/31/2024,,
360080,EAST OHIO REGIONAL HOSPITAL,90 NORTH FOURTH STREET,MARTINS FERRY,OH,43935,BELMONT,(740) 633-1100,PC_07a,Risk Adjusted Severe Obstetric Complications (All),Not Available,Not Available,5,01/01/2024,12/31/2024,,
360080,EAST OHIO REGIONAL HOSPITAL,90 NORTH FOURTH STREET,MARTINS FERRY,OH,43935,BELMONT,(740) 633-1100,PC_07b,Risk Adjusted Severe Obstetric Complications (excluding blood-transfusion-only cases),Not Available,Not Available,5,01/01/2024,12/31/2024,,
360080,EAST OHIO REGIONAL HOSPITAL,90 NORTH FOURTH STREET,MARTINS FERRY,OH,43935,BELMONT,(740) 633-1100,SM_7,Maternal Morbidity Structural Measure,Not Available,Not Applicable,5,01/01/2024,12/31/2024,,
360082,EUCLID HOSPITAL,18901 LAKE SHORE BOULEVARD,EUCLID,OH,44119,CUYAHOGA,(216) 531-9000,PC_02,Cesarean Birth,Not Available,Not Available,5,01/01/2024,12/31/2024,41.5969085,-81.5473048
360082,EUCLID HOSPITAL,18901 LAKE SHORE BOULEVARD,EUCLID,OH,44119,CUYAHOGA,(216) 531-9000,PC_07a,Risk Adjusted Severe Obstetric Complications (All),Not Available,Not Available,5,01/01/2024,12/31/2024,41.5969085,-81.5473048
360082,EUCLID HOSPITAL,18901 LAKE SHORE BOULEVARD,EUCLID,OH,44119,CUYAHOGA,(216) 531-9000,PC_07b,Risk Adjusted Severe Obstetric Complications (excluding blood-transfusion-only cases),Not Available,Not Available,5,01/01/2024,12/31/2024,41.5969085,-81.5473048
360082,EUCLID HOSPITAL,18901 LAKE SHORE BOULEVARD,EUCLID,OH,44119,CUYAHOGA,(216) 531-9000,SM_7,Maternal Morbidity Structural Measure,Not Applicable (our hospital does not provide inpatient labor/delivery care),Not Applicable,,01/01/2024,12/31/2024,41.5969085,-81.5473048
360084,AULTMAN HOSPITAL,2600 SIXTH STREET SW,CANTON,OH,44710,STARK,(330) 363-9911,PC_02,Cesarean Birth,Not Available,Not Available,4,01/01/2024,12/31/2024,40.7989,-81.3784
360084,AULTMAN HOSPITAL,2600 SIXTH STREET SW,CANTON,OH,44710,STARK,(330) 363-9911,PC_07a,Risk Adjusted Severe Obstetric Complications (All),Not Available,Not Available,4,01/01/2024,12/31/2024,40.7989,-81.3784
360084,AULTMAN HOSPITAL,2600 SIXTH STREET SW,CANTON,OH,44710,STARK,(330) 363-9911,PC_07b,Risk Adjusted Severe Obstetric Complications (excluding blood-transfusion-only cases),Not Available,Not Available,4,01/01/2024,12/31/2024,40.7989,-81.3784
360084,AULTMAN HOSPITAL,2600 SIXTH STREET SW,CANTON,OH,44710,STARK,(330) 363-9911,SM_7,Maternal Morbidity Structural Measure,Yes,Not Applicable,,01/01/2024,12/31/2024,40.7989,-81.3784
360085,OHIO STATE UNIVERSITY STATE HEALTH SYSTEM,410 WEST 10TH AVENUE,COLUMBUS,OH,43210,FRANKLIN,(614) 293-9700,PC_02,Cesarean Birth,Not Available,Not Available,4,01/01/2024,12/31/2024,39.9939864,-83.0206221
360085,OHIO STATE UNIVERSITY STATE HEALTH SYSTEM,410 WEST 10TH AVENUE,COLUMBUS,OH,43210,FRANKLIN,(614) 293-9700,PC_07a,Risk Adjusted Severe Obstetric Complications (All),Not Available,Not Available,4,01/01/2024,12/31/2024,39.9939864,-83.0206221
360085,OHIO STATE UNIVERSITY STATE HEALTH SYSTEM,410 WEST 10TH AVENUE,COLUMBUS,OH,43210,FRANKLIN,(614) 293-9700,PC_07b,Risk Adjusted Severe Obstetric Complications (excluding blood-transfusion-only cases),Not Available,Not Available,4,01/01/2024,12/31/2024,39.9939864,-83.0206221
360085,OHIO STATE UNIVERSITY STATE HEALTH SYSTEM,410 WEST 10TH AVENUE,COLUMBUS,OH,43210,FRANKLIN,(614) 293-9700,SM_7,Maternal Morbidity Structural Measure,Yes,Not Applicable,,01/01/2024,12/31/2024,39.9939864,-83.0206221
360086,SPRINGFIELD REGIONAL MEDICAL CENTER,100 MEDICAL CENTER DRIVE,SPRINGFIELD,OH,45504,CLARK,(937) 523-5500,PC_02,Cesarean Birth,Not Available,Not Available,4,01/01/2024,12/31/2024,39.9242,-83.8088
360086,SPRINGFIELD REGIONAL MEDICAL CENTER,100 MEDICAL CENTER DRIVE,SPRINGFIELD,OH,45504,CLARK,(937) 523-5500,PC_07a,Risk Adjusted Severe Obstetric Complications (All),Not Available,Not Available,4,01/01/2024,12/31/2024,39.9242,-83.8088
360086,SPRINGFIELD REGIONAL MEDICAL CENTER,100 MEDICAL CENTER DRIVE,SPRINGFIELD,OH,45504,CLARK,(937) 523-5500,PC_07b,Risk Adjusted Severe Obstetric Complications (excluding blood-transfusion-only cases),Not Available,Not Available,4,01/01/2024,12/31/2024,39.9242,-83.8088
360086,SPRINGFIELD REGIONAL MEDICAL CENTER,100 MEDICAL CENTER DRIVE,SPRINGFIELD,OH,45504,CLARK,(937) 523-5500,SM_7,Maternal Morbidity Structural Measure,Yes,Not Applicable,,01/01/2024,12/31/2024,39.9242,-83.8088
360087,LUTHERAN HOSPITAL,1730 WEST 25TH STREET,CLEVELAND,OH,44113,CUYAHOGA,(216) 696-4300,PC_02,Cesarean Birth,Not Available,Not Available,5,01/01/2024,12/31/2024,41.486987,-81.7069201
360087,LUTHERAN HOSPITAL,1730 WEST 25TH STREET,CLEVELAND,OH,44113,CUYAHOGA,(216) 696-4300,PC_07a,Risk Adjusted Severe Obstetric Complications (All),Not Available,Not Available,5,01/01/2024,12/31/2024,41.486987,-81.7069201
360087,LUTHERAN HOSPITAL,1730 WEST 25TH STREET,CLEVELAND,OH,44113,CUYAHOGA,(216) 696-4300,PC_07b,Risk Adjusted Severe Obstetric Complications (excluding blood-transfusion-only cases),Not Available,Not Available,5,01/01/2024,12/31/2024,41.486987,-81.7069201
360087,LUTHERAN HOSPITAL,1730 WEST 25TH STREET,CLEVELAND,OH,44113,CUYAHOGA,(216) 696-4300,SM_7,Maternal Morbidity Structural Measure,Not Applicable (our hospital does not provide inpatient labor/delivery care),Not Applicable,,01/01/2024,12/31/2024,41.486987,-81.7069201
360089,MERCY HEALTH - TIFFIN HOSPITAL,45 ST LAWRENCE DRIVE,TIFFIN,OH,44883,SENECA,(419) 455-7000,PC_02,Cesarean Birth,Not Available,Not Available,4,01/01/2024,12/31/2024,41.1051197,-83.2170231
360089,MERCY HEALTH - TIFFIN HOSPITAL,45 ST LAWRENCE DRIVE,TIFFIN,OH,44883,SENECA,(419) 455-7000,PC_07a,Risk Adjusted Severe Obstetric Complications (All),Not Available,Not Available,4,01/01/2024,12/31/2024,41.1051197,-83.2170231
360089,MERCY HEALTH - TIFFIN HOSPITAL,45 ST LAWRENCE DRIVE,TIFFIN,OH,44883,SENECA,(419) 455-7000,PC_07b,Risk Adjusted Severe Obstetric Complications (excluding blood-transfusion-only cases),Not Available,Not Available,4,01/01/2024,12/31/2024,41.1051197,-83.2170231
360089,MERCY HEALTH - TIFFIN HOSPITAL,45 ST LAWRENCE DRIVE,TIFFIN,OH,44883,SENECA,(419) 455-7000,SM_7,Maternal Morbidity Structural Measure,Yes,Not Applicable,,01/01/2024,12/31/2024,41.1051197,-83.2170231
360091,MEDINA HOSPITAL,1000 EAST WASHINGTON STREET,MEDINA,OH,44256,MEDINA,(330) 725-1000,PC_02,Cesarean Birth,Not Available,Not Available,5,01/01/2024,12/31/2024,41.139027,-81.839214
360091,MEDINA HOSPITAL,1000 EAST WASHINGTON STREET,MEDINA,OH,44256,MEDINA,(330) 725-1000,PC_07a,Risk Adjusted Severe Obstetric Complications (All),Not Available,Not Available,5,01/01/2024,12/31/2024,41.139027,-81.839214
360091,MEDINA HOSPITAL,1000 EAST WASHINGTON STREET,MEDINA,OH,44256,MEDINA,(330) 725-1000,PC_07b,Risk Adjusted Severe Obstetric Complications (excluding blood-transfusion-only cases),Not Available,Not Available,5,01/01/2024,12/31/2024,41.139027,-81.839214
360091,MEDINA HOSPITAL,1000 EAST WASHINGTON STREET,MEDINA,OH,44256,MEDINA,(330) 725-1000,SM_7,Maternal Morbidity Structural Measure,Not Applicable (our hospital does not provide inpatient labor/delivery care),Not Applicable,,01/01/2024,12/31/2024,41.139027,-81.839214
360092,MEMORIAL HOSPITAL,500 LONDON AVENUE,MARYSVILLE,OH,43040,UNION,(937) 644-6115,PC_02,Cesarean Birth,Not Available,Not Available,4,01/01/2024,12/31/2024,40.2298737,-83.3669064
360092,MEMORIAL HOSPITAL,500 LONDON AVENUE,MARYSVILLE,OH,43040,UNION,(937) 644-6115,PC_07a,Risk Adjusted Severe Obstetric Complications (All),Not Available,Not Available,4,01/01/2024,12/31/2024,40.2298737,-83.3669064
360092,MEMORIAL HOSPITAL,500 LONDON AVENUE,MARYSVILLE,OH,43040,UNION,(937) 644-6115,PC_07b,Risk Adjusted Severe Obstetric Complications (excluding blood-transfusion-only cases),Not Available,Not Available,4,01/01/2024,12/31/2024,40.2298737,-83.3669064
360092,MEMORIAL HOSPITAL,500 LONDON AVENUE,MARYSVILLE,OH,43040,UNION,(937) 644-6115,SM_7,Maternal Morbidity Structural Measure,Yes,Not Applicable,,01/01/2024,12/31/2024,40.2298737,-83.3669064
360095,BLANCHARD VALLEY HOSPITAL,1900 SOUTH MAIN STREET,FINDLAY,OH,45840,HANCOCK,(419) 423-4500,PC_02,Cesarean Birth,Not Available,Not Available,4,01/01/2024,12/31/2024,41.0176932,-83.6516123
360095,BLANCHARD VALLEY HOSPITAL,1900 SOUTH MAIN STREET,FINDLAY,OH,45840,HANCOCK,(419) 423-4500,PC_07a,Risk Adjusted Severe Obstetric Complications (All),Not Available,Not Available,4,01/01/2024,12/31/2024,41.0176932,-83.6516123
360095,BLANCHARD VALLEY HOSPITAL,1900 SOUTH MAIN STREET,FINDLAY,OH,45840,HANCOCK,(419) 423-4500,PC_07b,Risk Adjusted Severe Obstetric Complications (excluding blood-transfusion-only cases),Not Available,Not Available,4,01/01/2024,12/31/2024,41.0176932,-83.6516123
360095,BLANCHARD VALLEY HOSPITAL,1900 SOUTH MAIN STREET,FINDLAY,OH,45840,HANCOCK,(419) 423-4500,SM_7,Maternal Morbidity Structural Measure,Yes,Not Applicable,,01/01/2024,12/31/2024,41.0176932,-83.6516123
360096,EAST LIVERPOOL CITY HOSPITAL,425 WEST 5TH STREET,EAST LIVERPOOL,OH,43920,COLUMBIANA,(330) 385-7200,PC_02,Cesarean Birth,Not Available,Not Available,5,01/01/2024,12/31/2024,40.6214741,-80.5864347
360096,EAST LIVERPOOL CITY HOSPITAL,425 WEST 5TH STREET,EAST LIVERPOOL,OH,43920,COLUMBIANA,(330) 385-7200,PC_07a,Risk Adjusted Severe Obstetric Complications (All),Not Available,Not Available,5,01/01/2024,12/31/2024,40.6214741,-80.5864347
360096,EAST LIVERPOOL CITY HOSPITAL,425 WEST 5TH STREET,EAST LIVERPOOL,OH,43920,COLUMBIANA,(330) 385-7200,PC_07b,Risk Adjusted Severe Obstetric Complications (excluding blood-transfusion-only cases),Not Available,Not Available,5,01/01/2024,12/31/2024,40.6214741,-80.5864347
360096,EAST LIVERPOOL CITY HOSPITAL,425 WEST 5TH STREET,EAST LIVERPOOL,OH,43920,COLUMBIANA,(330) 385-7200,SM_7,Maternal Morbidity Structural Measure,Not Applicable (our hospital does not provide inpatient labor/delivery care),Not Applicable,,01/01/2024,12/31/2024,40.6214741,-80.5864347
360098,LAKE HEALTH,7590 AUBURN ROAD,CONCORD,OH,44077,LAKE,(440) 953-9600,PC_02,Cesarean Birth,Not Available,Not Available,5,01/01/2024,12/31/2024,41.6636074,-81.2469554
360098,LAKE HEALTH,7590 AUBURN ROAD,CONCORD,OH,44077,LAKE,(440) 953-9600,PC_07a,Risk Adjusted Severe Obstetric Complications (All),Not Available,Not Available,5,01/01/2024,12/31/2024,41.6636074,-81.2469554
360098,LAKE HEALTH,7590 AUBURN ROAD,CONCORD,OH,44077,LAKE,(440) 953-9600,PC_07b,Risk Adjusted Severe Obstetric Complications (excluding blood-transfusion-only cases),Not Available,Not Available,5,01/01/2024,12/31/2024,41.6636074,-81.2469554
360098,LAKE HEALTH,7590 AUBURN ROAD,CONCORD,OH,44077,LAKE,(440) 953-9600,SM_7,Maternal Morbidity Structural Measure,Not Applicable (our hospital does not provide inpatient labor/delivery care),Not Applicable,,01/01/2024,12/31/2024,41.6636074,-81.2469554
360107,BELLEVUE HOSPITAL,1400 WEST MAIN STREET,BELLEVUE,OH,44811,SANDUSKY,(419) 483-4040,PC_02,Cesarean Birth,Not Available,Not Available,4,01/01/2024,12/31/2024,41.2877281,-82.8811282
360107,BELLEVUE HOSPITAL,1400 WEST MAIN STREET,BELLEVUE,OH,44811,SANDUSKY,(419) 483-4040,PC_07a,Risk Adjusted Severe Obstetric Complications (All),Not Available,Not Available,4,01/01/2024,12/31/2024,41.2877281,-82.8811282
360107,BELLEVUE HOSPITAL,1400 WEST MAIN STREET,BELLEVUE,OH,44811,SANDUSKY,(419) 483-4040,PC_07b,Risk Adjusted Severe Obstetric Complications (excluding blood-transfusion-only cases),Not Available,Not Available,4,01/01/2024,12/31/2024,41.2877281,-82.8811282
360107,BELLEVUE HOSPITAL,1400 WEST MAIN STREET,BELLEVUE,OH,44811,SANDUSKY,(419) 483-4040,SM_7,Maternal Morbidity Structural Measure,Yes,Not Applicable,,01/01/2024,12/31/2024,41.2877281,-82.8811282
360109,COSHOCTON REGIONAL MEDICAL CENTER,1460 ORANGE STREET,COSHOCTON,OH,43812,COSHOCTON,(740) 622-6411,PC_02,Cesarean Birth,Not Available,Not Available,5,01/01/2024,12/31/2024,40.2708031,-81.8482342
360109,COSHOCTON REGIONAL MEDICAL CENTER,1460 ORANGE STREET,COSHOCTON,OH,43812,COSHOCTON,(740) 622-6411,PC_07a,Risk Adjusted Severe Obstetric Complications (All),Not Available,Not Available,5,01/01/2024,12/31/2024,40.2708031,-81.8482342
360109,COSHOCTON REGIONAL MEDICAL CENTER,1460 ORANGE STREET,COSHOCTON,OH,43812,COSHOCTON,(740) 622-6411,PC_07b,Risk Adjusted Severe Obstetric Complications (excluding blood-transfusion-only cases),Not Available,Not Available,5,01/01/2024,12/31/2024,40.2708031,-81.8482342
360109,COSHOCTON REGIONAL MEDICAL CENTER,1460 ORANGE STREET,COSHOCTON,OH,43812,COSHOCTON,(740) 622-6411,SM_7,Maternal Morbidity Structural Measure,Not Applicable (our hospital does not provide inpatient labor/delivery care),Not Applicable,,01/01/2024,12/31/2024,40.2708031,-81.8482342
360112,MERCY ST VINCENT MEDICAL CENTER,2213 CHERRY STREET,TOLEDO,OH,43608,LUCAS,(419) 251-3232,PC_02,Cesarean Birth,Not Available,Not Available,4,01/01/2024,12/31/2024,41.6685845,-83.5426939
360112,MERCY ST VINCENT MEDICAL CENTER,2213 CHERRY STREET,TOLEDO,OH,43608,LUCAS,(419) 251-3232,PC_07a,Risk Adjusted Severe Obstetric Complications (All),Not Available,Not Available,4,01/01/2024,12/31/2024,41.6685845,-83.5426939
360112,MERCY ST VINCENT MEDICAL CENTER,2213 CHERRY STREET,TOLEDO,OH,43608,LUCAS,(419) 251-3232,PC_07b,Risk Adjusted Severe Obstetric Complications (excluding blood-transfusion-only cases),Not Available,Not Available,4,01/01/2024,12/31/2024,41.6685845,-83.5426939
360112,MERCY ST VINCENT MEDICAL CENTER,2213 CHERRY STREET,TOLEDO,OH,43608,LUCAS,(419) 251-3232,SM_7,Maternal Morbidity Structural Measure,Yes,Not Applicable,,01/01/2024,12/31/2024,41.6685845,-83.5426939
360118,OHIOHEALTH MANSFIELD HOSPITAL,335 GLESSNER AVENUE,MANSFIELD,OH,44903,RICHLAND,(419) 526-8000,PC_02,Cesarean Birth,Not Available,Not Available,4,01/01/2024,12/31/2024,40.7526722,-82.5287909
360118,OHIOHEALTH MANSFIELD HOSPITAL,335 GLESSNER AVENUE,MANSFIELD,OH,44903,RICHLAND,(419) 526-8000,PC_07a,Risk Adjusted Severe Obstetric Complications (All),Not Available,Not Available,4,01/01/2024,12/31/2024,40.7526722,-82.5287909
360118,OHIOHEALTH MANSFIELD HOSPITAL,335 GLESSNER AVENUE,MANSFIELD,OH,44903,RICHLAND,(419) 526-8000,PC_07b,Risk Adjusted Severe Obstetric Complications (excluding blood-transfusion-only cases),Not Available,Not Available,4,01/01/2024,12/31/2024,40.7526722,-82.5287909
360118,OHIOHEALTH MANSFIELD HOSPITAL,335 GLESSNER AVENUE,MANSFIELD,OH,44903,RICHLAND,(419) 526-8000,SM_7,Maternal Morbidity Structural Measure,Yes,Not Applicable,,01/01/2024,12/31/2024,40.7526722,-82.5287909
360121,COMMUNITY HOSPITALS AND WELLNESS CENTERS,433 WEST HIGH STREET,BRYAN,OH,43506,WILLIAMS,(419) 636-1131,PC_02,Cesarean Birth,Not Available,Not Available,4,01/01/2024,12/31/2024,41.4740883,-84.5574697
360121,COMMUNITY HOSPITALS AND WELLNESS CENTERS,433 WEST HIGH STREET,BRYAN,OH,43506,WILLIAMS,(419) 636-1131,PC_07a,Risk Adjusted Severe Obstetric Complications (All),Not Available,Not Available,4,01/01/2024,12/31/2024,41.4740883,-84.5574697
360121,COMMUNITY HOSPITALS AND WELLNESS CENTERS,433 WEST HIGH STREET,BRYAN,OH,43506,WILLIAMS,(419) 636-1131,PC_07b,Risk Adjusted Severe Obstetric Complications (excluding blood-transfusion-only cases),Not Available,Not Available,4,01/01/2024,12/31/2024,41.4740883,-84.5574697
360121,COMMUNITY HOSPITALS AND WELLNESS CENTERS,433 WEST HIGH STREET,BRYAN,OH,43506,WILLIAMS,(419) 636-1131,SM_7,Maternal Morbidity Structural Measure,Yes,Not Applicable,,01/01/2024,12/31/2024,41.4740883,-84.5574697
360123,UH ST JOHN MEDICAL CENTER,29000 CENTER RIDGE ROAD,WESTLAKE,OH,44145,CUYAHOGA,(440) 835-8000,PC_02,Cesarean Birth,Not Available,Not Available,5,01/01/2024,12/31/2024,41.4360877,-81.9445853
360123,UH ST JOHN MEDICAL CENTER,29000 CENTER RIDGE ROAD,WESTLAKE,OH,44145,CUYAHOGA,(440) 835-8000,PC_07a,Risk Adjusted Severe Obstetric Complications (All),Not Available,Not Available,5,01/01/2024,12/31/2024,41.4360877,-81.9445853
360123,UH ST JOHN MEDICAL CENTER,29000 CENTER RIDGE ROAD,WESTLAKE,OH,44145,CUYAHOGA,(440) 835-8000,PC_07b,Risk Adjusted Severe Obstetric Complications (excluding blood-transfusion-only cases),Not Available,Not Available,5,01/01/2024,12/31/2024,41.4360877,-81.9445853
360123,UH ST JOHN MEDICAL CENTER,29000 CENTER RIDGE ROAD,WESTLAKE,OH,44145,CUYAHOGA,(440) 835-8000,SM_7,Maternal Morbidity Structural Measure,Not Applicable (our hospital does not provide inpatient labor/delivery care),Not Applicable,,01/01/2024,12/31/2024,41.4360877,-81.9445853
360125,ASHTABULA COUNTY MEDICAL CENTER,2420 LAKE AVENUE,ASHTABULA,OH,44004,ASHTABULA,(440) 997-2262,PC_02,Cesarean Birth,Not Available,Not Available,4,01/01/2024,12/31/2024,41.8806113,-80.7948051
360125,ASHTABULA COUNTY MEDICAL CENTER,2420 LAKE AVENUE,ASHTABULA,OH,44004,ASHTABULA,(440) 997-2262,PC_07a,Risk Adjusted Severe Obstetric Complications (All),Not Available,Not Available,5,01/01/2024,12/31/2024,41.8806113,-80.7948051
360125,ASHTABULA COUNTY MEDICAL CENTER,2420 LAKE AVENUE,ASHTABULA,OH,44004,ASHTABULA,(440) 997-2262,PC_07b,Risk Adjusted Severe Obstetric Complications (excluding blood-transfusion-only cases),Not Available,Not Available,5,01/01/2024,12/31/2024,41.8806113,-80.7948051
360125,ASHTABULA COUNTY MEDICAL CENTER,2420 LAKE AVENUE,ASHTABULA,OH,44004,ASHTABULA,(440) 997-2262,SM_7,Maternal Morbidity Structural Measure,Not Applicable (our hospital does not provide inpatient labor/delivery care),Not Applicable,,01/01/2024,12/31/2024,41.8806113,-80.7948051
360131,ALLIANCE COMMUNITY HOSPITAL,200 EAST STATE STREET,ALLIANCE,OH,44601,STARK,(330) 596-6000,PC_02,Cesarean Birth,Not Available,Not Available,4,01/01/2024,12/31/2024,40.9030223,-81.1027565
360131,ALLIANCE COMMUNITY HOSPITAL,200 EAST STATE STREET,ALLIANCE,OH,44601,STARK,(330) 596-6000,PC_07a,Risk Adjusted Severe Obstetric Complications (All),Not Available,Not Available,5,01/01/2024,12/31/2024,40.9030223,-81.1027565
360131,ALLIANCE COMMUNITY HOSPITAL,200 EAST STATE STREET,ALLIANCE,OH,44601,STARK,(330) 596-6000,PC_07b,Risk Adjusted Severe Obstetric Complications (excluding blood-transfusion-only cases),Not Available,Not Available,5,01/01/2024,12/31/2024,40.9030223,-81.1027565
360131,ALLIANCE COMMUNITY HOSPITAL,200 EAST STATE STREET,ALLIANCE,OH,44601,STARK,(330) 596-6000,SM_7,Maternal Morbidity Structural Measure,Not Applicable (our hospital does not provide inpatient labor/delivery care),Not Applicable,,01/01/2024,12/31/2024,40.9030223,-81.1027565
360132,FORT HAMILTON HUGHES MEMORIAL HOSPITAL,630 EATON AVENUE,HAMILTON,OH,45013,BUTLER,(513) 867-2123,PC_02,Cesarean Birth,Not Available,Not Available,4,01/01/2024,12/31/2024,39.4158125,-84.572449
360132,FORT HAMILTON HUGHES MEMORIAL HOSPITAL,630 EATON AVENUE,HAMILTON,OH,45013,BUTLER,(513) 867-2123,PC_07a,Risk Adjusted Severe Obstetric Complications (All),Not Available,Not Available,4,01/01/2024,12/31/2024,39.4158125,-84.572449
360132,FORT HAMILTON HUGHES MEMORIAL HOSPITAL,630 EATON AVENUE,HAMILTON,OH,45013,BUTLER,(513) 867-2123,PC_07b,Risk Adjusted Severe Obstetric Complications (excluding blood-transfusion-only cases),Not Available,Not Available,4,01/01/2024,12/31/2024,39.4158125,-84.572449
360132,FORT HAMILTON HUGHES MEMORIAL HOSPITAL,630 EATON AVENUE,HAMILTON,OH,45013,BUTLER,(513) 867-2123,SM_7,Maternal Morbidity Structural Measure,Yes,Not Applicable,,01/01/2024,12/31/2024,39.4158125,-84.572449
360133,KETTERING HEALTH DAYTON,405 GRAND AVENUE,DAYTON,OH,45405,MONTGOMERY,(937) 723-3410,PC_02,Cesarean Birth,Not Available,Not Available,4,01/01/2024,12/31/2024,39.7697276,-84.2026487
360133,KETTERING HEALTH DAYTON,405 GRAND AVENUE,DAYTON,OH,45405,MONTGOMERY,(937) 723-3410,PC_07a,Risk Adjusted Severe Obstetric Complications (All),Not Available,Not Available,4,01/01/2024,12/31/2024,39.7697276,-84.2026487
360133,KETTERING HEALTH DAYTON,405 GRAND AVENUE,DAYTON,OH,45405,MONTGOMERY,(937) 723-3410,PC_07b,Risk Adjusted Severe Obstetric Complications (excluding blood-transfusion-only cases),Not Available,Not Available,4,01/01/2024,12/31/2024,39.7697276,-84.2026487
360133,KETTERING HEALTH DAYTON,405 GRAND AVENUE,DAYTON,OH,45405,MONTGOMERY,(937) 723-3410,SM_7,Maternal Morbidity Structural Measure,Yes,Not Applicable,,01/01/2024,12/31/2024,39.7697276,-84.2026487
360134,GOOD SAMARITAN HOSPITAL,375 DIXMYTH AVENUE,CINCINNATI,OH,45220,HAMILTON,(513) 862-2601,PC_02,Cesarean Birth,Not Available,Not Available,4,01/01/2024,12/31/2024,39.1387945,-84.5228567
360134,GOOD SAMARITAN HOSPITAL,375 DIXMYTH AVENUE,CINCINNATI,OH,45220,HAMILTON,(513) 862-2601,PC_07a,Risk Adjusted Severe Obstetric Complications (All),Not Available,Not Available,4,01/01/2024,12/31/2024,39.1387945,-84.5228567
360134,GOOD SAMARITAN HOSPITAL,375 DIXMYTH AVENUE,CINCINNATI,OH,45220,HAMILTON,(513) 862-2601,PC_07b,Risk Adjusted Severe Obstetric Complications (excluding blood-transfusion-only cases),Not Available,Not Available,4,01/01/2024,12/31/2024,39.1387945,-84.5228567
360134,GOOD SAMARITAN HOSPITAL,375 DIXMYTH AVENUE,CINCINNATI,OH,45220,HAMILTON,(513) 862-2601,SM_7,Maternal Morbidity Structural Measure,Yes,Not Applicable,,01/01/2024,12/31/2024,39.1387945,-84.5228567
360137,UH CLEVELAND MEDICAL CENTER,11100 EUCLID AVENUE,CLEVELAND,OH,44106,CUYAHOGA,(216) 844-1000,PC_02,Cesarean Birth,Not Available,Not Available,4,01/01/2024,12/31/2024,41.5057921,-81.606233
360137,UH CLEVELAND MEDICAL CENTER,11100 EUCLID AVENUE,CLEVELAND,OH,44106,CUYAHOGA,(216) 844-1000,PC_07a,Risk Adjusted Severe Obstetric Complications (All),Not Available,Not Available,4,01/01/2024,12/31/2024,41.5057921,-81.606233
360137,UH CLEVELAND MEDICAL CENTER,11100 EUCLID AVENUE,CLEVELAND,OH,44106,CUYAHOGA,(216) 844-1000,PC_07b,Risk Adjusted Severe Obstetric Complications (excluding blood-transfusion-only cases),Not Available,Not Available,4,01/01/2024,12/31/2024,41.5057921,-81.606233
360137,UH CLEVELAND MEDICAL CENTER,11100 EUCLID AVENUE,CLEVELAND,OH,44106,CUYAHOGA,(216) 844-1000,SM_7,Maternal Morbidity Structural Measure,Yes,Not Applicable,,01/01/2024,12/31/2024,41.5057921,-81.606233
360143,MARYMOUNT HOSPITAL,12300 MCCRACKEN ROAD,GARFIELD HEIGHTS,OH,44125,CUYAHOGA,(216) 587-8210,PC_02,Cesarean Birth,Not Available,Not Available,5,01/01/2024,12/31/2024,41.4211677,-81.5982093
360143,MARYMOUNT HOSPITAL,12300 MCCRACKEN ROAD,GARFIELD HEIGHTS,OH,44125,CUYAHOGA,(216) 587-8210,PC_07a,Risk Adjusted Severe Obstetric Complications (All),Not Available,Not Available,5,01/01/2024,12/31/2024,41.4211677,-81.5982093
360143,MARYMOUNT HOSPITAL,12300 MCCRACKEN ROAD,GARFIELD HEIGHTS,OH,44125,CUYAHOGA,(216) 587-8210,PC_07b,Risk Adjusted Severe Obstetric Complications (excluding blood-transfusion-only cases),Not Available,Not Available,5,01/01/2024,12/31/2024,41.4211677,-81.5982093
360143,MARYMOUNT HOSPITAL,12300 MCCRACKEN ROAD,GARFIELD HEIGHTS,OH,44125,CUYAHOGA,(216) 587-8210,SM_7,Maternal Morbidity Structural Measure,Not Applicable (our hospital does not provide inpatient labor/delivery care),Not Applicable,,01/01/2024,12/31/2024,41.4211677,-81.5982093
360144,SOUTH POINTE HOSPITAL,20000 HARVARD ROAD,WARRENSVILLE HEIGHTS,OH,44122,CUYAHOGA,(216) 491-6523,PC_02,Cesarean Birth,Not Available,Not Available,5,01/01/2024,12/31/2024,41.4496706,-81.4936579
360144,SOUTH POINTE HOSPITAL,20000 HARVARD ROAD,WARRENSVILLE HEIGHTS,OH,44122,CUYAHOGA,(216) 491-6523,PC_07a,Risk Adjusted Severe Obstetric Complications (All),Not Available,Not Available,5,01/01/2024,12/31/2024,41.4496706,-81.4936579
360144,SOUTH POINTE HOSPITAL,20000 HARVARD ROAD,WARRENSVILLE HEIGHTS,OH,44122,CUYAHOGA,(216) 491-6523,PC_07b,Risk Adjusted Severe Obstetric Complications (excluding blood-transfusion-only cases),Not Available,Not Available,5,01/01/2024,12/31/2024,41.4496706,-81.4936579
360144,SOUTH POINTE HOSPITAL,20000 HARVARD ROAD,WARRENSVILLE HEIGHTS,OH,44122,CUYAHOGA,(216) 491-6523,SM_7,Maternal Morbidity Structural Measure,Not Applicable (our hospital does not provide inpatient labor/delivery care),Not Applicable,,01/01/2024,12/31/2024,41.4496706,-81.4936579
360145,UNIVERSITY HOSPITALS - ELYRIA MEDICAL CENTER,630 EAST RIVER STREET,ELYRIA,OH,44035,LORAIN,(440) 329-7500,PC_02,Cesarean Birth,Not Available,Not Available,5,01/01/2024,12/31/2024,41.366753,-82.0971753
360145,UNIVERSITY HOSPITALS - ELYRIA MEDICAL CENTER,630 EAST RIVER STREET,ELYRIA,OH,44035,LORAIN,(440) 329-7500,PC_07a,Risk Adjusted Severe Obstetric Complications (All),Not Available,Not Available,5,01/01/2024,12/31/2024,41.366753,-82.0971753
360145,UNIVERSITY HOSPITALS - ELYRIA MEDICAL CENTER,630 EAST RIVER STREET,ELYRIA,OH,44035,LORAIN,(440) 329-7500,PC_07b,Risk Adjusted Severe Obstetric Complications (excluding blood-transfusion-only cases),Not Available,Not Available,5,01/01/2024,12/31/2024,41.366753,-82.0971753
360145,UNIVERSITY HOSPITALS - ELYRIA MEDICAL CENTER,630 EAST RIVER STREET,ELYRIA,OH,44035,LORAIN,(440) 329-7500,SM_7,Maternal Morbidity Structural Measure,Not Applicable (our hospital does not provide inpatient labor/delivery care),Not Applicable,,01/01/2024,12/31/2024,41.366753,-82.0971753
360147,MARIETTA MEMORIAL HOSPITAL,401 MATTHEW STREET,MARIETTA,OH,45750,WASHINGTON,(740) 374-1400,PC_02,Cesarean Birth,Not Available,Not Available,4,01/01/2024,12/31/2024,39.4317032,-81.4645367
360147,MARIETTA MEMORIAL HOSPITAL,401 MATTHEW STREET,MARIETTA,OH,45750,WASHINGTON,(740) 374-1400,PC_07a,Risk Adjusted Severe Obstetric Complications (All),Not Available,Not Available,4,01/01/2024,12/31/2024,39.4317032,-81.4645367
360147,MARIETTA MEMORIAL HOSPITAL,401 MATTHEW STREET,MARIETTA,OH,45750,WASHINGTON,(740) 374-1400,PC_07b,Risk Adjusted Severe Obstetric Complications (excluding blood-transfusion-only cases),Not Available,Not Available,4,01/01/2024,12/31/2024,39.4317032,-81.4645367
360147,MARIETTA MEMORIAL HOSPITAL,401 MATTHEW STREET,MARIETTA,OH,45750,WASHINGTON,(740) 374-1400,SM_7,Maternal Morbidity Structural Measure,Yes,Not Applicable,,01/01/2024,12/31/2024,39.4317032,-81.4645367
360148,POMERENE HOSPITAL,981 WOOSTER ROAD,MILLERSBURG,OH,44654,HOLMES,(330) 674-1015,PC_02,Cesarean Birth,Not Available,Not Available,4,01/01/2024,12/31/2024,40.5649015,-81.9199879
360148,POMERENE HOSPITAL,981 WOOSTER ROAD,MILLERSBURG,OH,44654,HOLMES,(330) 674-1015,PC_07a,Risk Adjusted Severe Obstetric Complications (All),Not Available,Not Available,4,01/01/2024,12/31/2024,40.5649015,-81.9199879
360148,POMERENE HOSPITAL,981 WOOSTER ROAD,MILLERSBURG,OH,44654,HOLMES,(330) 674-1015,PC_07b,Risk Adjusted Severe Obstetric Complications (excluding blood-transfusion-only cases),Not Available,Not Available,4,01/01/2024,12/31/2024,40.5649015,-81.9199879
360148,POMERENE HOSPITAL,981 WOOSTER ROAD,MILLERSBURG,OH,44654,HOLMES,(330) 674-1015,SM_7,Maternal Morbidity Structural Measure,Yes,Not Applicable,,01/01/2024,12/31/2024,40.5649015,-81.9199879
360150,SUMMA WESTERN RESERVE HOSPITAL,1900 23RD STREET,CUYAHOGA FALLS,OH,44223,SUMMIT,(330) 971-7000,PC_02,Cesarean Birth,Not Available,Not Available,5,01/01/2024,12/31/2024,41.1330302,-81.510906
360150,SUMMA WESTERN RESERVE HOSPITAL,1900 23RD STREET,CUYAHOGA FALLS,OH,44223,SUMMIT,(330) 971-7000,PC_07a,Risk Adjusted Severe Obstetric Complications (All),Not Available,Not Available,5,01/01/2024,12/31/2024,41.1330302,-81.510906
360150,SUMMA WESTERN RESERVE HOSPITAL,1900 23RD STREET,CUYAHOGA FALLS,OH,44223,SUMMIT,(330) 971-7000,PC_07b,Risk Adjusted Severe Obstetric Complications (excluding blood-transfusion-only cases),Not Available,Not Available,5,01/01/2024,12/31/2024,41.1330302,-81.510906
360150,SUMMA WESTERN RESERVE HOSPITAL,1900 23RD STREET,CUYAHOGA FALLS,OH,44223,SUMMIT,(330) 971-7000,SM_7,Maternal Morbidity Structural Measure,Not Applicable (our hospital does not provide inpatient labor/delivery care),Not Applicable,,01/01/2024,12/31/2024,41.1330302,-81.510906
360152,DOCTORS HOSPITAL,5100 WEST  BROAD STREET,COLUMBUS,OH,43228,FRANKLIN,(614) 544-2136,PC_02,Cesarean Birth,Not Available,Not Available,4,01/01/2024,12/31/2024,39.953208,-83.1378307
360152,DOCTORS HOSPITAL,5100 WEST  BROAD STREET,COLUMBUS,OH,43228,FRANKLIN,(614) 544-2136,PC_07a,Risk Adjusted Severe Obstetric Complications (All),Not Available,Not Available,4,01/01/2024,12/31/2024,39.953208,-83.1378307
360152,DOCTORS HOSPITAL,5100 WEST  BROAD STREET,COLUMBUS,OH,43228,FRANKLIN,(614) 544-2136,PC_07b,Risk Adjusted Severe Obstetric Complications (excluding blood-transfusion-only cases),Not Available,Not Available,4,01/01/2024,12/31/2024,39.953208,-83.1378307
360152,DOCTORS HOSPITAL,5100 WEST  BROAD STREET,COLUMBUS,OH,43228,FRANKLIN,(614) 544-2136,SM_7,Maternal Morbidity Structural Measure,Yes,Not Applicable,,01/01/2024,12/31/2024,39.953208,-83.1378307
360155,SOUTHWEST GENERAL HEALTH CENTER,18697 BAGLEY ROAD,MIDDLEBURG HEIGHTS,OH,44130,CUYAHOGA,(440) 816-8000,PC_02,Cesarean Birth,Not Available,Not Available,4,01/01/2024,12/31/2024,41.369883,-81.8320781
360155,SOUTHWEST GENERAL HEALTH CENTER,18697 BAGLEY ROAD,MIDDLEBURG HEIGHTS,OH,44130,CUYAHOGA,(440) 816-8000,PC_07a,Risk Adjusted Severe Obstetric Complications (All),Not Available,Not Available,4,01/01/2024,12/31/2024,41.369883,-81.8320781
360155,SOUTHWEST GENERAL HEALTH CENTER,18697 BAGLEY ROAD,MIDDLEBURG HEIGHTS,OH,44130,CUYAHOGA,(440) 816-8000,PC_07b,Risk Adjusted Severe Obstetric Complications (excluding blood-transfusion-only cases),Not Available,Not Available,4,01/01/2024,12/31/2024,41.369883,-81.8320781
360155,SOUTHWEST GENERAL HEALTH CENTER,18697 BAGLEY ROAD,MIDDLEBURG HEIGHTS,OH,44130,CUYAHOGA,(440) 816-8000,SM_7,Maternal Morbidity Structural Measure,Yes,Not Applicable,,01/01/2024,12/31/2024,41.369883,-81.8320781
360156,MEMORIAL HOSPITAL,715 SOUTH TAFT AVENUE,FREMONT,OH,43420,SANDUSKY,(419) 334-6617,PC_02,Cesarean Birth,Not Available,Not Available,4,01/01/2024,12/31/2024,41.3393227,-83.134726
360156,MEMORIAL HOSPITAL,715 SOUTH TAFT AVENUE,FREMONT,OH,43420,SANDUSKY,(419) 334-6617,PC_07a,Risk Adjusted Severe Obstetric Complications (All),Not Available,Not Available,5,01/01/2024,12/31/2024,41.3393227,-83.134726
360156,MEMORIAL HOSPITAL,715 SOUTH TAFT AVENUE,FREMONT,OH,43420,SANDUSKY,(419) 334-6617,PC_07b,Risk Adjusted Severe Obstetric Complications (excluding blood-transfusion-only cases),Not Available,Not Available,5,01/01/2024,12/31/2024,41.3393227,-83.134726
360156,MEMORIAL HOSPITAL,715 SOUTH TAFT AVENUE,FREMONT,OH,43420,SANDUSKY,(419) 334-6617,SM_7,Maternal Morbidity Structural Measure,Yes,Not Applicable,,01/01/2024,12/31/2024,41.3393227,-83.134726
360159,ADENA REGIONAL MEDICAL CENTER,272 HOSPITAL ROAD,CHILLICOTHE,OH,45601,ROSS,(740) 779-7500,PC_02,Cesarean Birth,Not Available,Not Available,4,01/01/2024,12/31/2024,39.3963694,-82.9686726
360159,ADENA REGIONAL MEDICAL CENTER,272 HOSPITAL ROAD,CHILLICOTHE,OH,45601,ROSS,(740) 779-7500,PC_07a,Risk Adjusted Severe Obstetric Complications (All),Not Available,Not Available,4,01/01/2024,12/31/2024,39.3963694,-82.9686726
360159,ADENA REGIONAL MEDICAL CENTER,272 HOSPITAL ROAD,CHILLICOTHE,OH,45601,ROSS,(740) 779-7500,PC_07b,Risk Adjusted Severe Obstetric Complications (excluding blood-transfusion-only cases),Not Available,Not Available,4,01/01/2024,12/31/2024,39.3963694,-82.9686726
360159,ADENA REGIONAL MEDICAL CENTER,272 HOSPITAL ROAD,CHILLICOTHE,OH,45601,ROSS,(740) 779-7500,SM_7,Maternal Morbidity Structural Measure,Yes,Not Applicable,,01/01/2024,12/31/2024,39.3963694,-82.9686726
360161,MH ST JOSEPH WARREN HOSPITAL,667 EASTLAND AVE SE,WARREN,OH,44484,TRUMBULL,(330) 841-4016,PC_02,Cesarean Birth,Not Available,Not Available,4,01/01/2024,12/31/2024,41.2291944,-80.7768819
360161,MH ST JOSEPH WARREN HOSPITAL,667 EASTLAND AVE SE,WARREN,OH,44484,TRUMBULL,(330) 841-4016,PC_07a,Risk Adjusted Severe Obstetric Complications (All),Not Available,Not Available,4,01/01/2024,12/31/2024,41.2291944,-80.7768819
360161,MH ST JOSEPH WARREN HOSPITAL,667 EASTLAND AVE SE,WARREN,OH,44484,TRUMBULL,(330) 841-4016,PC_07b,Risk Adjusted Severe Obstetric Complications (excluding blood-transfusion-only cases),Not Available,Not Available,4,01/01/2024,12/31/2024,41.2291944,-80.7768819
360161,MH ST JOSEPH WARREN HOSPITAL,667 EASTLAND AVE SE,WARREN,OH,44484,TRUMBULL,(330) 841-4016,SM_7,Maternal Morbidity Structural Measure,Yes,Not Applicable,,01/01/2024,12/31/2024,41.2291944,-80.7768819
360163,CHRIST HOSPITAL,2139 AUBURN AVENUE,CINCINNATI,OH,45219,HAMILTON,(513) 585-2000,PC_02,Cesarean Birth,Not Available,Not Available,4,01/01/2024,12/31/2024,39.1218083,-84.5095152
360163,CHRIST HOSPITAL,2139 AUBURN AVENUE,CINCINNATI,OH,45219,HAMILTON,(513) 585-2000,PC_07a,Risk Adjusted Severe Obstetric Complications (All),Not Available,Not Available,4,01/01/2024,12/31/2024,39.1218083,-84.5095152
360163,CHRIST HOSPITAL,2139 AUBURN AVENUE,CINCINNATI,OH,45219,HAMILTON,(513) 585-2000,PC_07b,Risk Adjusted Severe Obstetric Complications (excluding blood-transfusion-only cases),Not Available,Not Available,4,01/01/2024,12/31/2024,39.1218083,-84.5095152
360163,CHRIST HOSPITAL,2139 AUBURN AVENUE,CINCINNATI,OH,45219,HAMILTON,(513) 585-2000,SM_7,Maternal Morbidity Structural Measure,Yes,Not Applicable,,01/01/2024,12/31/2024,39.1218083,-84.5095152
360170,BERGER HOSPITAL,600 NORTH PICKAWAY STREET,CIRCLEVILLE,OH,43113,PICKAWAY,(740) 420-8008,PC_02,Cesarean Birth,Not Available,Not Available,4,01/01/2024,12/31/2024,39.6101581,-82.9364571
360170,BERGER HOSPITAL,600 NORTH PICKAWAY STREET,CIRCLEVILLE,OH,43113,PICKAWAY,(740) 420-8008,PC_07a,Risk Adjusted Severe Obstetric Complications (All),Not Available,Not Available,4,01/01/2024,12/31/2024,39.6101581,-82.9364571
360170,BERGER HOSPITAL,600 NORTH PICKAWAY STREET,CIRCLEVILLE,OH,43113,PICKAWAY,(740) 420-8008,PC_07b,Risk Adjusted Severe Obstetric Complications (excluding blood-transfusion-only cases),Not Available,Not Available,4,01/01/2024,12/31/2024,39.6101581,-82.9364571
360170,BERGER HOSPITAL,600 NORTH PICKAWAY STREET,CIRCLEVILLE,OH,43113,PICKAWAY,(740) 420-8008,SM_7,Maternal Morbidity Structural Measure,Yes,Not Applicable,,01/01/2024,12/31/2024,39.6101581,-82.9364571
360172,MERCY REGIONAL MEDICAL CENTER,3700 KOLBE ROAD,LORAIN,OH,44053,LORAIN,(440) 960-4000,PC_02,Cesarean Birth,Not Available,Not Available,4,01/01/2024,12/31/2024,41.4366447,-82.2375133
360172,MERCY REGIONAL MEDICAL CENTER,3700 KOLBE ROAD,LORAIN,OH,44053,LORAIN,(440) 960-4000,PC_07a,Risk Adjusted Severe Obstetric Complications (All),Not Available,Not Available,4,01/01/2024,12/31/2024,41.4366447,-82.2375133
360172,MERCY REGIONAL MEDICAL CENTER,3700 KOLBE ROAD,LORAIN,OH,44053,LORAIN,(440) 960-4000,PC_07b,Risk Adjusted Severe Obstetric Complications (excluding blood-transfusion-only cases),Not Available,Not Available,4,01/01/2024,12/31/2024,41.4366447,-82.2375133
360172,MERCY REGIONAL MEDICAL CENTER,3700 KOLBE ROAD,LORAIN,OH,44053,LORAIN,(440) 960-4000,SM_7,Maternal Morbidity Structural Measure,Yes,Not Applicable,,01/01/2024,12/31/2024,41.4366447,-82.2375133
360174,UPPER VALLEY MEDICAL CENTER,3130 N DIXIE HIGHWAY,TROY,OH,45373,MIAMI,(937) 440-7853,PC_02,Cesarean Birth,Not Available,Not Available,4,01/01/2024,12/31/2024,40.0392,-84.2033
360174,UPPER VALLEY MEDICAL CENTER,3130 N DIXIE HIGHWAY,TROY,OH,45373,MIAMI,(937) 440-7853,PC_07a,Risk Adjusted Severe Obstetric Complications (All),Not Available,Not Available,4,01/01/2024,12/31/2024,40.0392,-84.2033
360174,UPPER VALLEY MEDICAL CENTER,3130 N DIXIE HIGHWAY,TROY,OH,45373,MIAMI,(937) 440-7853,PC_07b,Risk Adjusted Severe Obstetric Complications (excluding blood-transfusion-only cases),Not Available,Not Available,4,01/01/2024,12/31/2024,40.0392,-84.2033
360174,UPPER VALLEY MEDICAL CENTER,3130 N DIXIE HIGHWAY,TROY,OH,45373,MIAMI,(937) 440-7853,SM_7,Maternal Morbidity Structural Measure,Not Applicable (our hospital does not provide inpatient labor/delivery care),Not Applicable,,01/01/2024,12/31/2024,40.0392,-84.2033
360175,CLINTON MEMORIAL HOSPITAL,610 WEST MAIN STREET,WILMINGTON,OH,45177,CLINTON,(937) 382-9335,PC_02,Cesarean Birth,Not Available,Not Available,4,01/01/2024,12/31/2024,39.4439303,-83.8392646
360175,CLINTON MEMORIAL HOSPITAL,610 WEST MAIN STREET,WILMINGTON,OH,45177,CLINTON,(937) 382-9335,PC_07a,Risk Adjusted Severe Obstetric Complications (All),Not Available,Not Available,4,01/01/2024,12/31/2024,39.4439303,-83.8392646
360175,CLINTON MEMORIAL HOSPITAL,610 WEST MAIN STREET,WILMINGTON,OH,45177,CLINTON,(937) 382-9335,PC_07b,Risk Adjusted Severe Obstetric Complications (excluding blood-transfusion-only cases),Not Available,Not Available,4,01/01/2024,12/31/2024,39.4439303,-83.8392646
360175,CLINTON MEMORIAL HOSPITAL,610 WEST MAIN STREET,WILMINGTON,OH,45177,CLINTON,(937) 382-9335,SM_7,Maternal Morbidity Structural Measure,Yes,Not Applicable,,01/01/2024,12/31/2024,39.4439303,-83.8392646
360179,BETHESDA NORTH,10500 MONTGOMERY ROAD,CINCINNATI,OH,45242,HAMILTON,(513) 865-5544,PC_02,Cesarean Birth,Not Available,Not Available,4,01/01/2024,12/31/2024,39.2513937,-84.3401061
360179,BETHESDA NORTH,10500 MONTGOMERY ROAD,CINCINNATI,OH,45242,HAMILTON,(513) 865-5544,PC_07a,Risk Adjusted Severe Obstetric Complications (All),Not Available,Not Available,4,01/01/2024,12/31/2024,39.2513937,-84.3401061
360179,BETHESDA NORTH,10500 MONTGOMERY ROAD,CINCINNATI,OH,45242,HAMILTON,(513) 865-5544,PC_07b,Risk Adjusted Severe Obstetric Complications (excluding blood-transfusion-only cases),Not Available,Not Available,4,01/01/2024,12/31/2024,39.2513937,-84.3401061
360179,BETHESDA NORTH,10500 MONTGOMERY ROAD,CINCINNATI,OH,45242,HAMILTON,(513) 865-5544,SM_7,Maternal Morbidity Structural Measure,Yes,Not Applicable,,01/01/2024,12/31/2024,39.2513937,-84.3401061
360180,CLEVELAND CLINIC,9500 EUCLID AVENUE,CLEVELAND,OH,44195,CUYAHOGA,(216) 952-9829,PC_02,Cesarean Birth,Not Available,Not Available,4,01/01/2024,12/31/2024,41.5012614,-81.6185075
360180,CLEVELAND CLINIC,9500 EUCLID AVENUE,CLEVELAND,OH,44195,CUYAHOGA,(216) 952-9829,PC_07a,Risk Adjusted Severe Obstetric Complications (All),Not Available,Not Available,4,01/01/2024,12/31/2024,41.5012614,-81.6185075
360180,CLEVELAND CLINIC,9500 EUCLID AVENUE,CLEVELAND,OH,44195,CUYAHOGA,(216) 952-9829,PC_07b,Risk Adjusted Severe Obstetric Complications (excluding blood-transfusion-only cases),Not Available,Not Available,4,01/01/2024,12/31/2024,41.5012614,-81.6185075
360180,CLEVELAND CLINIC,9500 EUCLID AVENUE,CLEVELAND,OH,44195,CUYAHOGA,(216) 952-9829,SM_7,Maternal Morbidity Structural Measure,Yes,Not Applicable,,01/01/2024,12/31/2024,41.5012614,-81.6185075
360185,SALEM REGIONAL MEDICAL CENTER,1995 EAST STATE STREET,SALEM,OH,44460,COLUMBIANA,(330) 332-7214,PC_02,Cesarean Birth,Not Available,Not Available,5,01/01/2024,12/31/2024,40.9013305,-80.8326431
360185,SALEM REGIONAL MEDICAL CENTER,1995 EAST STATE STREET,SALEM,OH,44460,COLUMBIANA,(330) 332-7214,PC_07a,Risk Adjusted Severe Obstetric Complications (All),Not Available,Not Available,5,01/01/2024,12/31/2024,40.9013305,-80.8326431
360185,SALEM REGIONAL MEDICAL CENTER,1995 EAST STATE STREET,SALEM,OH,44460,COLUMBIANA,(330) 332-7214,PC_07b,Risk Adjusted Severe Obstetric Complications (excluding blood-transfusion-only cases),Not Available,Not Available,5,01/01/2024,12/31/2024,40.9013305,-80.8326431
360185,SALEM REGIONAL MEDICAL CENTER,1995 EAST STATE STREET,SALEM,OH,44460,COLUMBIANA,(330) 332-7214,SM_7,Maternal Morbidity Structural Measure,Not Applicable (our hospital does not provide inpatient labor/delivery care),Not Applicable,,01/01/2024,12/31/2024,40.9013305,-80.8326431
360189,MADISON HEALTH,210 NORTH MAIN STREET,LONDON,OH,43140,MADISON,(740) 845-7000,PC_02,Cesarean Birth,Not Available,Not Available,5,01/01/2024,12/31/2024,39.8930964,-83.4533777
360189,MADISON HEALTH,210 NORTH MAIN STREET,LONDON,OH,43140,MADISON,(740) 845-7000,PC_07a,Risk Adjusted Severe Obstetric Complications (All),Not Available,Not Available,5,01/01/2024,12/31/2024,39.8930964,-83.4533777
360189,MADISON HEALTH,210 NORTH MAIN STREET,LONDON,OH,43140,MADISON,(740) 845-7000,PC_07b,Risk Adjusted Severe Obstetric Complications (excluding blood-transfusion-only cases),Not Available,Not Available,5,01/01/2024,12/31/2024,39.8930964,-83.4533777
360189,MADISON HEALTH,210 NORTH MAIN STREET,LONDON,OH,43140,MADISON,(740) 845-7000,SM_7,Maternal Morbidity Structural Measure,Not Applicable (our hospital does not provide inpatient labor/delivery care),Not Applicable,,01/01/2024,12/31/2024,39.8930964,-83.4533777
360197,MARY RUTAN HOSPITAL,205 PALMER AVENUE,BELLEFONTAINE,OH,43311,LOGAN,(937) 651-3257,PC_02,Cesarean Birth,Not Available,Not Available,4,01/01/2024,12/31/2024,40.368428,-83.757991
360197,MARY RUTAN HOSPITAL,205 PALMER AVENUE,BELLEFONTAINE,OH,43311,LOGAN,(937) 651-3257,PC_07a,Risk Adjusted Severe Obstetric Complications (All),Not Available,Not Available,4,01/01/2024,12/31/2024,40.368428,-83.757991
360197,MARY RUTAN HOSPITAL,205 PALMER AVENUE,BELLEFONTAINE,OH,43311,LOGAN,(937) 651-3257,PC_07b,Risk Adjusted Severe Obstetric Complications (excluding blood-transfusion-only cases),Not Available,Not Available,4,01/01/2024,12/31/2024,40.368428,-83.757991
360197,MARY RUTAN HOSPITAL,205 PALMER AVENUE,BELLEFONTAINE,OH,43311,LOGAN,(937) 651-3257,SM_7,Maternal Morbidity Structural Measure,Yes,Not Applicable,,01/01/2024,12/31/2024,40.368428,-83.757991
360203,SOUTHEASTERN OHIO REGIONAL MEDICAL CENTER,1341 NORTH CLARK STREET,CAMBRIDGE,OH,43725,GUERNSEY,(740) 439-8000,PC_02,Cesarean Birth,Not Available,Not Available,4,01/01/2024,12/31/2024,40.0317,-81.5884
360203,SOUTHEASTERN OHIO REGIONAL MEDICAL CENTER,1341 NORTH CLARK STREET,CAMBRIDGE,OH,43725,GUERNSEY,(740) 439-8000,PC_07a,Risk Adjusted Severe Obstetric Complications (All),Not Available,Not Available,4,01/01/2024,12/31/2024,40.0317,-81.5884
360203,SOUTHEASTERN OHIO REGIONAL MEDICAL CENTER,1341 NORTH CLARK STREET,CAMBRIDGE,OH,43725,GUERNSEY,(740) 439-8000,PC_07b,Risk Adjusted Severe Obstetric Complications (excluding blood-transfusion-only cases),Not Available,Not Available,4,01/01/2024,12/31/2024,40.0317,-81.5884
360203,SOUTHEASTERN OHIO REGIONAL MEDICAL CENTER,1341 NORTH CLARK STREET,CAMBRIDGE,OH,43725,GUERNSEY,(740) 439-8000,SM_7,Maternal Morbidity Structural Measure,Yes,Not Applicable,,01/01/2024,12/31/2024,40.0317,-81.5884
360210,GRADY MEMORIAL HOSPITAL,561 WEST CENTRAL AVENUE,DELAWARE,OH,43015,DELAWARE,(740) 368-5145,PC_02,Cesarean Birth,Not Available,Not Available,4,01/01/2024,12/31/2024,40.3053339,-83.0886074
360210,GRADY MEMORIAL HOSPITAL,561 WEST CENTRAL AVENUE,DELAWARE,OH,43015,DELAWARE,(740) 368-5145,PC_07a,Risk Adjusted Severe Obstetric Complications (All),Not Available,Not Available,4,01/01/2024,12/31/2024,40.3053339,-83.0886074
360210,GRADY MEMORIAL HOSPITAL,561 WEST CENTRAL AVENUE,DELAWARE,OH,43015,DELAWARE,(740) 368-5145,PC_07b,Risk Adjusted Severe Obstetric Complications (excluding blood-transfusion-only cases),Not Available,Not Available,4,01/01/2024,12/31/2024,40.3053339,-83.0886074
360210,GRADY MEMORIAL HOSPITAL,561 WEST CENTRAL AVENUE,DELAWARE,OH,43015,DELAWARE,(740) 368-5145,SM_7,Maternal Morbidity Structural Measure,Yes,Not Applicable,,01/01/2024,12/31/2024,40.3053339,-83.0886074
360211,TRINITY MEDICAL CTR EAST &TRINITY MEDICAL CTR WEST,380 SUMMIT AVENUE,STEUBENVILLE,OH,43952,JEFFERSON,(740) 264-7212,PC_02,Cesarean Birth,Not Available,Not Available,4,01/01/2024,12/31/2024,40.3543608,-80.6255916
360211,TRINITY MEDICAL CTR EAST &TRINITY MEDICAL CTR WEST,380 SUMMIT AVENUE,STEUBENVILLE,OH,43952,JEFFERSON,(740) 264-7212,PC_07a,Risk Adjusted Severe Obstetric Complications (All),Not Available,Not Available,4,01/01/2024,12/31/2024,40.3543608,-80.6255916
360211,TRINITY MEDICAL CTR EAST &TRINITY MEDICAL CTR WEST,380 SUMMIT AVENUE,STEUBENVILLE,OH,43952,JEFFERSON,(740) 264-7212,PC_07b,Risk Adjusted Severe Obstetric Complications (excluding blood-transfusion-only cases),Not Available,Not Available,4,01/01/2024,12/31/2024,40.3543608,-80.6255916
360211,TRINITY MEDICAL CTR EAST &TRINITY MEDICAL CTR WEST,380 SUMMIT AVENUE,STEUBENVILLE,OH,43952,JEFFERSON,(740) 264-7212,SM_7,Maternal Morbidity Structural Measure,Yes,Not Applicable,,01/01/2024,12/31/2024,40.3543608,-80.6255916
360218,LICKING MEMORIAL HOSPITAL,1320 WEST MAIN STREET,NEWARK,OH,43055,LICKING,(740) 348-4000,PC_02,Cesarean Birth,Not Available,Not Available,4,01/01/2024,12/31/2024,40.048214,-82.4506667
360218,LICKING MEMORIAL HOSPITAL,1320 WEST MAIN STREET,NEWARK,OH,43055,LICKING,(740) 348-4000,PC_07a,Risk Adjusted Severe Obstetric Complications (All),Not Available,Not Available,4,01/01/2024,12/31/2024,40.048214,-82.4506667
360218,LICKING MEMORIAL HOSPITAL,1320 WEST MAIN STREET,NEWARK,OH,43055,LICKING,(740) 348-4000,PC_07b,Risk Adjusted Severe Obstetric Complications (excluding blood-transfusion-only cases),Not Available,Not Available,4,01/01/2024,12/31/2024,40.048214,-82.4506667
360218,LICKING MEMORIAL HOSPITAL,1320 WEST MAIN STREET,NEWARK,OH,43055,LICKING,(740) 348-4000,SM_7,Maternal Morbidity Structural Measure,Yes,Not Applicable,,01/01/2024,12/31/2024,40.048214,-82.4506667
360230,HILLCREST HOSPITAL,6780 MAYFIELD ROAD,MAYFIELD HEIGHTS,OH,44124,CUYAHOGA,(440) 312-4500,PC_02,Cesarean Birth,Not Available,Not Available,4,01/01/2024,12/31/2024,41.5190161,-81.4356885
360230,HILLCREST HOSPITAL,6780 MAYFIELD ROAD,MAYFIELD HEIGHTS,OH,44124,CUYAHOGA,(440) 312-4500,PC_07a,Risk Adjusted Severe Obstetric Complications (All),Not Available,Not Available,4,01/01/2024,12/31/2024,41.5190161,-81.4356885
360230,HILLCREST HOSPITAL,6780 MAYFIELD ROAD,MAYFIELD HEIGHTS,OH,44124,CUYAHOGA,(440) 312-4500,PC_07b,Risk Adjusted Severe Obstetric Complications (excluding blood-transfusion-only cases),Not Available,Not Available,4,01/01/2024,12/31/2024,41.5190161,-81.4356885
360230,HILLCREST HOSPITAL,6780 MAYFIELD ROAD,MAYFIELD HEIGHTS,OH,44124,CUYAHOGA,(440) 312-4500,SM_7,Maternal Morbidity Structural Measure,Yes,Not Applicable,,01/01/2024,12/31/2024,41.5190161,-81.4356885
360234,MERCY HEALTH - WEST HOSPITAL,3300 MERCY HEALTH BLVD,CINCINNATI,OH,45211,HAMILTON,(513) 215-5000,PC_02,Cesarean Birth,Not Available,Not Available,4,01/01/2024,12/31/2024,39.1809469,-84.5973031
360234,MERCY HEALTH - WEST HOSPITAL,3300 MERCY HEALTH BLVD,CINCINNATI,OH,45211,HAMILTON,(513) 215-5000,PC_07a,Risk Adjusted Severe Obstetric Complications (All),Not Available,Not Available,4,01/01/2024,12/31/2024,39.1809469,-84.5973031
360234,MERCY HEALTH - WEST HOSPITAL,3300 MERCY HEALTH BLVD,CINCINNATI,OH,45211,HAMILTON,(513) 215-5000,PC_07b,Risk Adjusted Severe Obstetric Complications (excluding blood-transfusion-only cases),Not Available,Not Available,4,01/01/2024,12/31/2024,39.1809469,-84.5973031
360234,MERCY HEALTH - WEST HOSPITAL,3300 MERCY HEALTH BLVD,CINCINNATI,OH,45211,HAMILTON,(513) 215-5000,SM_7,Maternal Morbidity Structural Measure,Yes,Not Applicable,,01/01/2024,12/31/2024,39.1809469,-84.5973031
360236,MERCY HEALTH - CLERMONT HOSPITAL,3000 HOSPITAL DRIVE,BATAVIA,OH,45103,CLERMONT,(513) 732-8278,PC_02,Cesarean Birth,Not Available,Not Available,5,01/01/2024,12/31/2024,39.0802214,-84.1445518
360236,MERCY HEALTH - CLERMONT HOSPITAL,3000 HOSPITAL DRIVE,BATAVIA,OH,45103,CLERMONT,(513) 732-8278,PC_07a,Risk Adjusted Severe Obstetric Complications (All),Not Available,Not Available,5,01/01/2024,12/31/2024,39.0802214,-84.1445518
360236,MERCY HEALTH - CLERMONT HOSPITAL,3000 HOSPITAL DRIVE,BATAVIA,OH,45103,CLERMONT,(513) 732-8278,PC_07b,Risk Adjusted Severe Obstetric Complications (excluding blood-transfusion-only cases),Not Available,Not Available,5,01/01/2024,12/31/2024,39.0802214,-84.1445518
360236,MERCY HEALTH - CLERMONT HOSPITAL,3000 HOSPITAL DRIVE,BATAVIA,OH,45103,CLERMONT,(513) 732-8278,SM_7,Maternal Morbidity Structural Measure,Not Applicable (our hospital does not provide inpatient labor/delivery care),Not Applicable,,01/01/2024,12/31/2024,39.0802214,-84.1445518
360239,KETTERING HEALTH MIAMISBURG,4000 MIAMISBURG-CENTERVILLE ROAD,MIAMISBURG,OH,45342,MONTGOMERY,(937) 384-8760,PC_02,Cesarean Birth,Not Available,Not Available,5,01/01/2024,12/31/2024,39.638275,-84.2266307
360239,KETTERING HEALTH MIAMISBURG,4000 MIAMISBURG-CENTERVILLE ROAD,MIAMISBURG,OH,45342,MONTGOMERY,(937) 384-8760,PC_07a,Risk Adjusted Severe Obstetric Complications (All),Not Available,Not Available,5,01/01/2024,12/31/2024,39.638275,-84.2266307
360239,KETTERING HEALTH MIAMISBURG,4000 MIAMISBURG-CENTERVILLE ROAD,MIAMISBURG,OH,45342,MONTGOMERY,(937) 384-8760,PC_07b,Risk Adjusted Severe Obstetric Complications (excluding blood-transfusion-only cases),Not Available,Not Available,5,01/01/2024,12/31/2024,39.638275,-84.2266307
360239,KETTERING HEALTH MIAMISBURG,4000 MIAMISBURG-CENTERVILLE ROAD,MIAMISBURG,OH,45342,MONTGOMERY,(937) 384-8760,SM_7,Maternal Morbidity Structural Measure,Not Applicable (our hospital does not provide inpatient labor/delivery care),Not Applicable,,01/01/2024,12/31/2024,39.638275,-84.2266307
360245,GLENBEIGH HEALTH SOURCES,2863 STATE ROUTE 45,ROCK CREEK,OH,44084,ASHTABULA,(440) 563-3400,PC_02,Cesarean Birth,Not Available,Not Available,5,01/01/2024,12/31/2024,,
360245,GLENBEIGH HEALTH SOURCES,2863 STATE ROUTE 45,ROCK CREEK,OH,44084,ASHTABULA,(440) 563-3400,PC_07a,Risk Adjusted Severe Obstetric Complications (All),Not Available,Not Available,5,01/01/2024,12/31/2024,,
360245,GLENBEIGH HEALTH SOURCES,2863 STATE ROUTE 45,ROCK CREEK,OH,44084,ASHTABULA,(440) 563-3400,PC_07b,Risk Adjusted Severe Obstetric Complications (excluding blood-transfusion-only cases),Not Available,Not Available,5,01/01/2024,12/31/2024,,
360245,GLENBEIGH HEALTH SOURCES,2863 STATE ROUTE 45,ROCK CREEK,OH,44084,ASHTABULA,(440) 563-3400,SM_7,Maternal Morbidity Structural Measure,Not Applicable (our hospital does not provide inpatient labor/delivery care),Not Applicable,,01/01/2024,12/31/2024,,
360259,BAY PARK COMMUNITY HOSPITAL,2801 BAY PARK DRIVE,OREGON,OH,43616,LUCAS,(419) 690-7706,PC_02,Cesarean Birth,Not Available,Not Available,4,01/01/2024,12/31/2024,41.6206368,-83.479944
360259,BAY PARK COMMUNITY HOSPITAL,2801 BAY PARK DRIVE,OREGON,OH,43616,LUCAS,(419) 690-7706,PC_07a,Risk Adjusted Severe Obstetric Complications (All),Not Available,Not Available,5,01/01/2024,12/31/2024,41.6206368,-83.479944
360259,BAY PARK COMMUNITY HOSPITAL,2801 BAY PARK DRIVE,OREGON,OH,43616,LUCAS,(419) 690-7706,PC_07b,Risk Adjusted Severe Obstetric Complications (excluding blood-transfusion-only cases),Not Available,Not Available,5,01/01/2024,12/31/2024,41.6206368,-83.479944
360259,BAY PARK COMMUNITY HOSPITAL,2801 BAY PARK DRIVE,OREGON,OH,43616,LUCAS,(419) 690-7706,SM_7,Maternal Morbidity Structural Measure,Yes,Not Applicable,,01/01/2024,12/31/2024,41.6206368,-83.479944
360263,INSTITUTE FOR ORTHOPAEDIC SURGERY,"801 MEDICAL DRIVE, SUITE B",LIMA,OH,45804,ALLEN,(419) 224-7586,PC_02,Cesarean Birth,Not Available,Not Available,5,01/01/2024,12/31/2024,40.7425,-84.1052
360263,INSTITUTE FOR ORTHOPAEDIC SURGERY,"801 MEDICAL DRIVE, SUITE B",LIMA,OH,45804,ALLEN,(419) 224-7586,PC_07a,Risk Adjusted Severe Obstetric Complications (All),Not Available,Not Available,5,01/01/2024,12/31/2024,40.7425,-84.1052
360263,INSTITUTE FOR ORTHOPAEDIC SURGERY,"801 MEDICAL DRIVE, SUITE B",LIMA,OH,45804,ALLEN,(419) 224-7586,PC_07b,Risk Adjusted Severe Obstetric Complications (excluding blood-transfusion-only cases),Not Available,Not Available,5,01/01/2024,12/31/2024,40.7425,-84.1052
360263,INSTITUTE FOR ORTHOPAEDIC SURGERY,"801 MEDICAL DRIVE, SUITE B",LIMA,OH,45804,ALLEN,(419) 224-7586,SM_7,Maternal Morbidity Structural Measure,Not Applicable (our hospital does not provide inpatient labor/delivery care),Not Applicable,,01/01/2024,12/31/2024,40.7425,-84.1052
360266,MOUNT CARMEL NEW ALBANY SURGICAL HOSPITAL,7333 SMITH'S MILL ROAD,NEW ALBANY,OH,43054,FRANKLIN,(614) 775-6600,PC_02,Cesarean Birth,Not Available,Not Available,5,01/01/2024,12/31/2024,40.0866934,-82.7908135
360266,MOUNT CARMEL NEW ALBANY SURGICAL HOSPITAL,7333 SMITH'S MILL ROAD,NEW ALBANY,OH,43054,FRANKLIN,(614) 775-6600,PC_07a,Risk Adjusted Severe Obstetric Complications (All),Not Available,Not Available,5,01/01/2024,12/31/2024,40.0866934,-82.7908135
360266,MOUNT CARMEL NEW ALBANY SURGICAL HOSPITAL,7333 SMITH'S MILL ROAD,NEW ALBANY,OH,43054,FRANKLIN,(614) 775-6600,PC_07b,Risk Adjusted Severe Obstetric Complications (excluding blood-transfusion-only cases),Not Available,Not Available,5,01/01/2024,12/31/2024,40.0866934,-82.7908135
360266,MOUNT CARMEL NEW ALBANY SURGICAL HOSPITAL,7333 SMITH'S MILL ROAD,NEW ALBANY,OH,43054,FRANKLIN,(614) 775-6600,SM_7,Maternal Morbidity Structural Measure,Not Applicable (our hospital does not provide inpatient labor/delivery care),Not Applicable,,01/01/2024,12/31/2024,40.0866934,-82.7908135
360270,MERCY HEALTH - DEFIANCE HOSPITAL,1404 EAST SECOND STREET,DEFIANCE,OH,43512,DEFIANCE,(419) 782-8444,PC_02,Cesarean Birth,Not Available,Not Available,5,01/01/2024,12/31/2024,41.2845,-84.3558
360270,MERCY HEALTH - DEFIANCE HOSPITAL,1404 EAST SECOND STREET,DEFIANCE,OH,43512,DEFIANCE,(419) 782-8444,PC_07a,Risk Adjusted Severe Obstetric Complications (All),Not Available,Not Available,5,01/01/2024,12/31/2024,41.2845,-84.3558
360270,MERCY HEALTH - DEFIANCE HOSPITAL,1404 EAST SECOND STREET,DEFIANCE,OH,43512,DEFIANCE,(419) 782-8444,PC_07b,Risk Adjusted Severe Obstetric Complications (excluding blood-transfusion-only cases),Not Available,Not Available,5,01/01/2024,12/31/2024,41.2845,-84.3558
360270,MERCY HEALTH - DEFIANCE HOSPITAL,1404 EAST SECOND STREET,DEFIANCE,OH,43512,DEFIANCE,(419) 782-8444,SM_7,Maternal Morbidity Structural Measure,Not Applicable (our hospital does not provide inpatient labor/delivery care),Not Applicable,,01/01/2024,12/31/2024,41.2845,-84.3558
360276,HMHP ST ELIZABETH BOARDMAN HEALTH CENTER,8401 MARKET STREET,BOARDMAN,OH,44512,MAHONING,(330) 729-2929,PC_02,Cesarean Birth,Not Available,Not Available,4,01/01/2024,12/31/2024,40.9941765,-80.6596634
360276,HMHP ST ELIZABETH BOARDMAN HEALTH CENTER,8401 MARKET STREET,BOARDMAN,OH,44512,MAHONING,(330) 729-2929,PC_07a,Risk Adjusted Severe Obstetric Complications (All),Not Available,Not Available,4,01/01/2024,12/31/2024,40.9941765,-80.6596634
360276,HMHP ST ELIZABETH BOARDMAN HEALTH CENTER,8401 MARKET STREET,BOARDMAN,OH,44512,MAHONING,(330) 729-2929,PC_07b,Risk Adjusted Severe Obstetric Complications (excluding blood-transfusion-only cases),Not Available,Not Available,4,01/01/2024,12/31/2024,40.9941765,-80.6596634
360276,HMHP ST ELIZABETH BOARDMAN HEALTH CENTER,8401 MARKET STREET,BOARDMAN,OH,44512,MAHONING,(330) 729-2929,SM_7,Maternal Morbidity Structural Measure,Yes,Not Applicable,,01/01/2024,12/31/2024,40.9941765,-80.6596634
360348,DUBLIN METHODIST HOSPITAL,7500 HOSPITAL AVENUE,DUBLIN,OH,43016,FRANKLIN,(614) 544-8273,PC_02,Cesarean Birth,Not Available,Not Available,4,01/01/2024,12/31/2024,,
360348,DUBLIN METHODIST HOSPITAL,7500 HOSPITAL AVENUE,DUBLIN,OH,43016,FRANKLIN,(614) 544-8273,PC_07a,Risk Adjusted Severe Obstetric Complications (All),Not Available,Not Available,4,01/01/2024,12/31/2024,,
360348,DUBLIN METHODIST HOSPITAL,7500 HOSPITAL AVENUE,DUBLIN,OH,43016,FRANKLIN,(614) 544-8273,PC_07b,Risk Adjusted Severe Obstetric Complications (excluding blood-transfusion-only cases),Not Available,Not Available,4,01/01/2024,12/31/2024,,
360348,DUBLIN METHODIST HOSPITAL,7500 HOSPITAL AVENUE,DUBLIN,OH,43016,FRANKLIN,(614) 544-8273,SM_7,Maternal Morbidity Structural Measure,Yes,Not Applicable,,01/01/2024,12/31/2024,,
360351,CRYSTAL CLINIC ORTHOPAEDIC CENTER,444 NORTH MAIN STREET,AKRON,OH,44310,SUMMIT,(330) 670-4152,PC_02,Cesarean Birth,Not Available,Not Available,4,01/01/2024,12/31/2024,41.096982,-81.512211
360351,CRYSTAL CLINIC ORTHOPAEDIC CENTER,444 NORTH MAIN STREET,AKRON,OH,44310,SUMMIT,(330) 670-4152,PC_07a,Risk Adjusted Severe Obstetric Complications (All),Not Available,Not Available,5,01/01/2024,12/31/2024,41.096982,-81.512211
360351,CRYSTAL CLINIC ORTHOPAEDIC CENTER,444 NORTH MAIN STREET,AKRON,OH,44310,SUMMIT,(330) 670-4152,PC_07b,Risk Adjusted Severe Obstetric Complications (excluding blood-transfusion-only cases),Not Available,Not Available,5,01/01/2024,12/31/2024,41.096982,-81.512211
360351,CRYSTAL CLINIC ORTHOPAEDIC CENTER,444 NORTH MAIN STREET,AKRON,OH,44310,SUMMIT,(330) 670-4152,SM_7,Maternal Morbidity Structural Measure,Not Applicable (our hospital does not provide inpatient labor/delivery care),Not Applicable,,01/01/2024,12/31/2024,41.096982,-81.512211
360352,SURGICAL HOSPITAL AT SOUTHWOODS,7630 SOUTHERN BLVD,YOUNGSTOWN,OH,44512,MAHONING,(330) 729-8000,PC_02,Cesarean Birth,Not Available,Not Available,5,01/01/2024,12/31/2024,41.061498,-80.6577641
360352,SURGICAL HOSPITAL AT SOUTHWOODS,7630 SOUTHERN BLVD,YOUNGSTOWN,OH,44512,MAHONING,(330) 729-8000,PC_07a,Risk Adjusted Severe Obstetric Complications (All),Not Available,Not Available,5,01/01/2024,12/31/2024,41.061498,-80.6577641
360352,SURGICAL HOSPITAL AT SOUTHWOODS,7630 SOUTHERN BLVD,YOUNGSTOWN,OH,44512,MAHONING,(330) 729-8000,PC_07b,Risk Adjusted Severe Obstetric Complications (excluding blood-transfusion-only cases),Not Available,Not Available,5,01/01/2024,12/31/2024,41.061498,-80.6577641
360352,SURGICAL HOSPITAL AT SOUTHWOODS,7630 SOUTHERN BLVD,YOUNGSTOWN,OH,44512,MAHONING,(330) 729-8000,SM_7,Maternal Morbidity Structural Measure,Not Applicable (our hospital does not provide inpatient labor/delivery care),Not Applicable,,01/01/2024,12/31/2024,41.061498,-80.6577641
360354,WEST CHESTER HOSPITAL,7700 UNIVERSITY DRIVE,WEST CHESTER,OH,45069,BUTLER,(513) 298-7701,PC_02,Cesarean Birth,Not Available,Not Available,4,01/01/2024,12/31/2024,39.3584455,-84.3675305
360354,WEST CHESTER HOSPITAL,7700 UNIVERSITY DRIVE,WEST CHESTER,OH,45069,BUTLER,(513) 298-7701,PC_07a,Risk Adjusted Severe Obstetric Complications (All),Not Available,Not Available,4,01/01/2024,12/31/2024,39.3584455,-84.3675305
360354,WEST CHESTER HOSPITAL,7700 UNIVERSITY DRIVE,WEST CHESTER,OH,45069,BUTLER,(513) 298-7701,PC_07b,Risk Adjusted Severe Obstetric Complications (excluding blood-transfusion-only cases),Not Available,Not Available,4,01/01/2024,12/31/2024,39.3584455,-84.3675305
360354,WEST CHESTER HOSPITAL,7700 UNIVERSITY DRIVE,WEST CHESTER,OH,45069,BUTLER,(513) 298-7701,SM_7,Maternal Morbidity Structural Measure,Yes,Not Applicable,,01/01/2024,12/31/2024,39.3584455,-84.3675305
360355,OHIO VALLEY SURGICAL HOSPITAL,100 WEST MAIN STREET,SPRINGFIELD,OH,45502,CLARK,(937) 521-3900,PC_02,Cesarean Birth,Not Available,Not Available,4,01/01/2024,12/31/2024,39.924881,-83.813572
360355,OHIO VALLEY SURGICAL HOSPITAL,100 WEST MAIN STREET,SPRINGFIELD,OH,45502,CLARK,(937) 521-3900,PC_07a,Risk Adjusted Severe Obstetric Complications (All),Not Available,Not Available,5,01/01/2024,12/31/2024,39.924881,-83.813572
360355,OHIO VALLEY SURGICAL HOSPITAL,100 WEST MAIN STREET,SPRINGFIELD,OH,45502,CLARK,(937) 521-3900,PC_07b,Risk Adjusted Severe Obstetric Complications (excluding blood-transfusion-only cases),Not Available,Not Available,5,01/01/2024,12/31/2024,39.924881,-83.813572
360355,OHIO VALLEY SURGICAL HOSPITAL,100 WEST MAIN STREET,SPRINGFIELD,OH,45502,CLARK,(937) 521-3900,SM_7,Maternal Morbidity Structural Measure,Not Applicable (our hospital does not provide inpatient labor/delivery care),Not Applicable,,01/01/2024,12/31/2024,39.924881,-83.813572
360358,DILEY RIDGE MEDICAL CENTER,7911 DILEY ROAD,CANAL WINCHESTER,OH,43110,FRANKLIN,(614) 838-7911,PC_02,Cesarean Birth,Not Available,Not Available,5,01/01/2024,12/31/2024,39.8486751,-82.7809855
360358,DILEY RIDGE MEDICAL CENTER,7911 DILEY ROAD,CANAL WINCHESTER,OH,43110,FRANKLIN,(614) 838-7911,PC_07a,Risk Adjusted Severe Obstetric Complications (All),Not Available,Not Available,5,01/01/2024,12/31/2024,39.8486751,-82.7809855
360358,DILEY RIDGE MEDICAL CENTER,7911 DILEY ROAD,CANAL WINCHESTER,OH,43110,FRANKLIN,(614) 838-7911,PC_07b,Risk Adjusted Severe Obstetric Complications (excluding blood-transfusion-only cases),Not Available,Not Available,5,01/01/2024,12/31/2024,39.8486751,-82.7809855
360358,DILEY RIDGE MEDICAL CENTER,7911 DILEY ROAD,CANAL WINCHESTER,OH,43110,FRANKLIN,(614) 838-7911,SM_7,Maternal Morbidity Structural Measure,Not Applicable (our hospital does not provide inpatient labor/delivery care),Not Applicable,,01/01/2024,12/31/2024,39.8486751,-82.7809855
360359,UNIVERSITY HOSPITALS AHUJA MEDICAL CENTER,3999 RICHMOND ROAD,BEACHWOOD,OH,44122,CUYAHOGA,(216) 593-5511,PC_02,Cesarean Birth,Not Available,Not Available,4,01/01/2024,12/31/2024,41.4528636,-81.4951844
360359,UNIVERSITY HOSPITALS AHUJA MEDICAL CENTER,3999 RICHMOND ROAD,BEACHWOOD,OH,44122,CUYAHOGA,(216) 593-5511,PC_07a,Risk Adjusted Severe Obstetric Complications (All),Not Available,Not Available,4,01/01/2024,12/31/2024,41.4528636,-81.4951844
360359,UNIVERSITY HOSPITALS AHUJA MEDICAL CENTER,3999 RICHMOND ROAD,BEACHWOOD,OH,44122,CUYAHOGA,(216) 593-5511,PC_07b,Risk Adjusted Severe Obstetric Complications (excluding blood-transfusion-only cases),Not Available,Not Available,4,01/01/2024,12/31/2024,41.4528636,-81.4951844
360359,UNIVERSITY HOSPITALS AHUJA MEDICAL CENTER,3999 RICHMOND ROAD,BEACHWOOD,OH,44122,CUYAHOGA,(216) 593-5511,SM_7,Maternal Morbidity Structural Measure,Not Applicable (our hospital does not provide inpatient labor/delivery care),Not Applicable,,01/01/2024,12/31/2024,41.4528636,-81.4951844
360360,SOIN MEDICAL CENTER,3535 PENTAGON PARK BLVD,BEAVER CREEK,OH,45431,GREENE,(937) 702-4000,PC_02,Cesarean Birth,Not Available,Not Available,4,01/01/2024,12/31/2024,,
360360,SOIN MEDICAL CENTER,3535 PENTAGON PARK BLVD,BEAVER CREEK,OH,45431,GREENE,(937) 702-4000,PC_07a,Risk Adjusted Severe Obstetric Complications (All),Not Available,Not Available,4,01/01/2024,12/31/2024,,
360360,SOIN MEDICAL CENTER,3535 PENTAGON PARK BLVD,BEAVER CREEK,OH,45431,GREENE,(937) 702-4000,PC_07b,Risk Adjusted Severe Obstetric Complications (excluding blood-transfusion-only cases),Not Available,Not Available,4,01/01/2024,12/31/2024,,
360360,SOIN MEDICAL CENTER,3535 PENTAGON PARK BLVD,BEAVER CREEK,OH,45431,GREENE,(937) 702-4000,SM_7,Maternal Morbidity Structural Measure,Yes,Not Applicable,,01/01/2024,12/31/2024,,
360361,KINGS DAUGHTERS MEDICAL CENTER OHIO,1901 ARGONNE ROAD,PORTSMOUTH,OH,45662,SCIOTO,(740) 991-4000,PC_02,Cesarean Birth,Not Available,Not Available,5,01/01/2024,12/31/2024,38.7472535,-82.9932602
360361,KINGS DAUGHTERS MEDICAL CENTER OHIO,1901 ARGONNE ROAD,PORTSMOUTH,OH,45662,SCIOTO,(740) 991-4000,PC_07a,Risk Adjusted Severe Obstetric Complications (All),Not Available,Not Available,5,01/01/2024,12/31/2024,38.7472535,-82.9932602
360361,KINGS DAUGHTERS MEDICAL CENTER OHIO,1901 ARGONNE ROAD,PORTSMOUTH,OH,45662,SCIOTO,(740) 991-4000,PC_07b,Risk Adjusted Severe Obstetric Complications (excluding blood-transfusion-only cases),Not Available,Not Available,5,01/01/2024,12/31/2024,38.7472535,-82.9932602
360361,KINGS DAUGHTERS MEDICAL CENTER OHIO,1901 ARGONNE ROAD,PORTSMOUTH,OH,45662,SCIOTO,(740) 991-4000,SM_7,Maternal Morbidity Structural Measure,Not Applicable (our hospital does not provide inpatient labor/delivery care),Not Applicable,,01/01/2024,12/31/2024,38.7472535,-82.9932602
360364,CLEVELAND CLINIC AVON HOSPITAL,33300 CLEVELAND CLINIC BLVD,AVON,OH,44011,LORAIN,(440) 695-5000,PC_02,Cesarean Birth,Not Available,Not Available,5,01/01/2024,12/31/2024,41.4699525,-81.9828337
360364,CLEVELAND CLINIC AVON HOSPITAL,33300 CLEVELAND CLINIC BLVD,AVON,OH,44011,LORAIN,(440) 695-5000,PC_07a,Risk Adjusted Severe Obstetric Complications (All),Not Available,Not Available,5,01/01/2024,12/31/2024,41.4699525,-81.9828337
360364,CLEVELAND CLINIC AVON HOSPITAL,33300 CLEVELAND CLINIC BLVD,AVON,OH,44011,LORAIN,(440) 695-5000,PC_07b,Risk Adjusted Severe Obstetric Complications (excluding blood-transfusion-only cases),Not Available,Not Available,5,01/01/2024,12/31/2024,41.4699525,-81.9828337
360364,CLEVELAND CLINIC AVON HOSPITAL,33300 CLEVELAND CLINIC BLVD,AVON,OH,44011,LORAIN,(440) 695-5000,SM_7,Maternal Morbidity Structural Measure,Not Applicable (our hospital does not provide inpatient labor/delivery care),Not Applicable,,01/01/2024,12/31/2024,41.4699525,-81.9828337
360365,AVITA ONTARIO,715 RICHLAND MALL,ONTARIO,OH,44906,RICHLAND,(419) 462-4534,PC_02,Cesarean Birth,Not Available,Not Available,4,01/01/2024,12/31/2024,40.7715036,-82.5935522
360365,AVITA ONTARIO,715 RICHLAND MALL,ONTARIO,OH,44906,RICHLAND,(419) 462-4534,PC_07a,Risk Adjusted Severe Obstetric Complications (All),Not Available,Not Available,5,01/01/2024,12/31/2024,40.7715036,-82.5935522
360365,AVITA ONTARIO,715 RICHLAND MALL,ONTARIO,OH,44906,RICHLAND,(419) 462-4534,PC_07b,Risk Adjusted Severe Obstetric Complications (excluding blood-transfusion-only cases),Not Available,Not Available,5,01/01/2024,12/31/2024,40.7715036,-82.5935522
360365,AVITA ONTARIO,715 RICHLAND MALL,ONTARIO,OH,44906,RICHLAND,(419) 462-4534,SM_7,Maternal Morbidity Structural Measure,Yes,Not Applicable,,01/01/2024,12/31/2024,40.7715036,-82.5935522
360367,LAKE HEALTH BEACHWOOD MEDICAL CENTER,25501 CHAGRIN BOULEVARD,BEACHWOOD,OH,44122,CUYAHOGA,(216) 545-4800,PC_02,Cesarean Birth,Not Available,Not Available,5,01/01/2024,12/31/2024,41.4649708,-81.4990068
360367,LAKE HEALTH BEACHWOOD MEDICAL CENTER,25501 CHAGRIN BOULEVARD,BEACHWOOD,OH,44122,CUYAHOGA,(216) 545-4800,PC_07a,Risk Adjusted Severe Obstetric Complications (All),Not Available,Not Available,5,01/01/2024,12/31/2024,41.4649708,-81.4990068
360367,LAKE HEALTH BEACHWOOD MEDICAL CENTER,25501 CHAGRIN BOULEVARD,BEACHWOOD,OH,44122,CUYAHOGA,(216) 545-4800,PC_07b,Risk Adjusted Severe Obstetric Complications (excluding blood-transfusion-only cases),Not Available,Not Available,5,01/01/2024,12/31/2024,41.4649708,-81.4990068
360367,LAKE HEALTH BEACHWOOD MEDICAL CENTER,25501 CHAGRIN BOULEVARD,BEACHWOOD,OH,44122,CUYAHOGA,(216) 545-4800,SM_7,Maternal Morbidity Structural Measure,Not Applicable (our hospital does not provide inpatient labor/delivery care),Not Applicable,,01/01/2024,12/31/2024,41.4649708,-81.4990068
360368,KETTERING HEALTH TROY,600 WEST MAIN STREET,TROY,OH,45373,MIAMI,(937) 980-7000,PC_02,Cesarean Birth,Not Available,Not Available,5,01/01/2024,12/31/2024,40.0432481,-84.2095542
360368,KETTERING HEALTH TROY,600 WEST MAIN STREET,TROY,OH,45373,MIAMI,(937) 980-7000,PC_07a,Risk Adjusted Severe Obstetric Complications (All),Not Available,Not Available,5,01/01/2024,12/31/2024,40.0432481,-84.2095542
360368,KETTERING HEALTH TROY,600 WEST MAIN STREET,TROY,OH,45373,MIAMI,(937) 980-7000,PC_07b,Risk Adjusted Severe Obstetric Complications (excluding blood-transfusion-only cases),Not Available,Not Available,5,01/01/2024,12/31/2024,40.0432481,-84.2095542
360368,KETTERING HEALTH TROY,600 WEST MAIN STREET,TROY,OH,45373,MIAMI,(937) 980-7000,SM_7,Maternal Morbidity Structural Measure,Not Applicable (our hospital does not provide inpatient labor/delivery care),Not Applicable,,01/01/2024,12/31/2024,40.0432481,-84.2095542
360374,MERCY HEALTH KINGS MILLS HOSPITAL LLC,5440 KINGS ISLAND DRIVE,MASON,OH,45040,WARREN,(513) 637-9999,PC_02,Cesarean Birth,Not Available,Not Available,5,01/01/2024,12/31/2024,39.34677,-84.2734049
360374,MERCY HEALTH KINGS MILLS HOSPITAL LLC,5440 KINGS ISLAND DRIVE,MASON,OH,45040,WARREN,(513) 637-9999,PC_07a,Risk Adjusted Severe Obstetric Complications (All),Not Available,Not Available,5,01/01/2024,12/31/2024,39.34677,-84.2734049
360374,MERCY HEALTH KINGS MILLS HOSPITAL LLC,5440 KINGS ISLAND DRIVE,MASON,OH,45040,WARREN,(513) 637-9999,PC_07b,Risk Adjusted Severe Obstetric Complications (excluding blood-transfusion-only cases),Not Available,Not Available,5,01/01/2024,12/31/2024,39.34677,-84.2734049
360374,MERCY HEALTH KINGS MILLS HOSPITAL LLC,5440 KINGS ISLAND DRIVE,MASON,OH,45040,WARREN,(513) 637-9999,SM_7,Maternal Morbidity Structural Measure,Not Applicable (our hospital does not provide inpatient labor/delivery care),Not Applicable,,01/01/2024,12/31/2024,39.34677,-84.2734049
361300,PAULDING COUNTY HOSPITAL,1035 WEST WAYNE ST.,PAULDING,OH,45879,PAULDING,(419) 399-4080,PC_02,Cesarean Birth,Not Available,Not Available,5,01/01/2024,12/31/2024,41.1343564,-84.6010933
361300,PAULDING COUNTY HOSPITAL,1035 WEST WAYNE ST.,PAULDING,OH,45879,PAULDING,(419) 399-4080,PC_07a,Risk Adjusted Severe Obstetric Complications (All),Not Available,Not Available,5,01/01/2024,12/31/2024,41.1343564,-84.6010933
361300,PAULDING COUNTY HOSPITAL,1035 WEST WAYNE ST.,PAULDING,OH,45879,PAULDING,(419) 399-4080,PC_07b,Risk Adjusted Severe Obstetric Complications (excluding blood-transfusion-only cases),Not Available,Not Available,5,01/01/2024,12/31/2024,41.1343564,-84.6010933
361300,PAULDING COUNTY HOSPITAL,1035 WEST WAYNE ST.,PAULDING,OH,45879,PAULDING,(419) 399-4080,SM_7,Maternal Morbidity Structural Measure,Not Available,Not Applicable,5,01/01/2024,12/31/2024,41.1343564,-84.6010933
361302,TWIN CITY MEDICAL CENTER,819 NORTH FIRST STREET,DENNISON,OH,44621,TUSCARAWAS,(740) 922-2800,PC_02,Cesarean Birth,Not Available,Not Available,5,01/01/2024,12/31/2024,,
361302,TWIN CITY MEDICAL CENTER,819 NORTH FIRST STREET,DENNISON,OH,44621,TUSCARAWAS,(740) 922-2800,PC_07a,Risk Adjusted Severe Obstetric Complications (All),Not Available,Not Available,5,01/01/2024,12/31/2024,,
361302,TWIN CITY MEDICAL CENTER,819 NORTH FIRST STREET,DENNISON,OH,44621,TUSCARAWAS,(740) 922-2800,PC_07b,Risk Adjusted Severe Obstetric Complications (excluding blood-transfusion-only cases),Not Available,Not Available,5,01/01/2024,12/31/2024,,
361302,TWIN CITY MEDICAL CENTER,819 NORTH FIRST STREET,DENNISON,OH,44621,TUSCARAWAS,(740) 922-2800,SM_7,Maternal Morbidity Structural Measure,Not Applicable (our hospital does not provide inpatient labor/delivery care),Not Applicable,,01/01/2024,12/31/2024,,
361303,LODI COMMUNITY HOSPITAL,225 ELYRIA STREET,LODI,OH,44254,MEDINA,(330) 948-1222,PC_02,Cesarean Birth,Not Available,Not Available,5,01/01/2024,12/31/2024,41.0352669,-82.01322
361303,LODI COMMUNITY HOSPITAL,225 ELYRIA STREET,LODI,OH,44254,MEDINA,(330) 948-1222,PC_07a,Risk Adjusted Severe Obstetric Complications (All),Not Available,Not Available,5,01/01/2024,12/31/2024,41.0352669,-82.01322
361303,LODI COMMUNITY HOSPITAL,225 ELYRIA STREET,LODI,OH,44254,MEDINA,(330) 948-1222,PC_07b,Risk Adjusted Severe Obstetric Complications (excluding blood-transfusion-only cases),Not Available,Not Available,5,01/01/2024,12/31/2024,41.0352669,-82.01322
361303,LODI COMMUNITY HOSPITAL,225 ELYRIA STREET,LODI,OH,44254,MEDINA,(330) 948-1222,SM_7,Maternal Morbidity Structural Measure,Not Applicable (our hospital does not provide inpatient labor/delivery care),Not Applicable,,01/01/2024,12/31/2024,41.0352669,-82.01322
361304,GREENFIELD AREA MEDICAL CENTER,550 MIRABEAU STREET,GREENFIELD,OH,45123,HIGHLAND,(937) 981-9400,PC_02,Cesarean Birth,Not Available,Not Available,5,01/01/2024,12/31/2024,39.3488144,-83.3878136
361304,GREENFIELD AREA MEDICAL CENTER,550 MIRABEAU STREET,GREENFIELD,OH,45123,HIGHLAND,(937) 981-9400,PC_07a,Risk Adjusted Severe Obstetric Complications (All),Not Available,Not Available,5,01/01/2024,12/31/2024,39.3488144,-83.3878136
361304,GREENFIELD AREA MEDICAL CENTER,550 MIRABEAU STREET,GREENFIELD,OH,45123,HIGHLAND,(937) 981-9400,PC_07b,Risk Adjusted Severe Obstetric Complications (excluding blood-transfusion-only cases),Not Available,Not Available,5,01/01/2024,12/31/2024,39.3488144,-83.3878136
361304,GREENFIELD AREA MEDICAL CENTER,550 MIRABEAU STREET,GREENFIELD,OH,45123,HIGHLAND,(937) 981-9400,SM_7,Maternal Morbidity Structural Measure,Not Applicable (our hospital does not provide inpatient labor/delivery care),Not Applicable,,01/01/2024,12/31/2024,39.3488144,-83.3878136
361306,MERCY ALLEN HOSPITAL,200 WEST LORAIN STREET,OBERLIN,OH,44074,LORAIN,(440) 334-7039,PC_02,Cesarean Birth,Not Available,Not Available,5,01/01/2024,12/31/2024,41.295169,-82.2252884
361306,MERCY ALLEN HOSPITAL,200 WEST LORAIN STREET,OBERLIN,OH,44074,LORAIN,(440) 334-7039,PC_07a,Risk Adjusted Severe Obstetric Complications (All),Not Available,Not Available,5,01/01/2024,12/31/2024,41.295169,-82.2252884
361306,MERCY ALLEN HOSPITAL,200 WEST LORAIN STREET,OBERLIN,OH,44074,LORAIN,(440) 334-7039,PC_07b,Risk Adjusted Severe Obstetric Complications (excluding blood-transfusion-only cases),Not Available,Not Available,5,01/01/2024,12/31/2024,41.295169,-82.2252884
361306,MERCY ALLEN HOSPITAL,200 WEST LORAIN STREET,OBERLIN,OH,44074,LORAIN,(440) 334-7039,SM_7,Maternal Morbidity Structural Measure,Not Applicable (our hospital does not provide inpatient labor/delivery care),Not Applicable,,01/01/2024,12/31/2024,41.295169,-82.2252884
361307,UHHS MEMORIAL HOSPITAL OF GENEVA,870 WEST MAIN STREET,GENEVA,OH,44041,ASHTABULA,(440) 415-0151,PC_02,Cesarean Birth,Not Available,Not Available,5,01/01/2024,12/31/2024,41.7994022,-80.9614527
361307,UHHS MEMORIAL HOSPITAL OF GENEVA,870 WEST MAIN STREET,GENEVA,OH,44041,ASHTABULA,(440) 415-0151,PC_07a,Risk Adjusted Severe Obstetric Complications (All),Not Available,Not Available,5,01/01/2024,12/31/2024,41.7994022,-80.9614527
361307,UHHS MEMORIAL HOSPITAL OF GENEVA,870 WEST MAIN STREET,GENEVA,OH,44041,ASHTABULA,(440) 415-0151,PC_07b,Risk Adjusted Severe Obstetric Complications (excluding blood-transfusion-only cases),Not Available,Not Available,5,01/01/2024,12/31/2024,41.7994022,-80.9614527
361307,UHHS MEMORIAL HOSPITAL OF GENEVA,870 WEST MAIN STREET,GENEVA,OH,44041,ASHTABULA,(440) 415-0151,SM_7,Maternal Morbidity Structural Measure,Not Applicable (our hospital does not provide inpatient labor/delivery care),Not Applicable,,01/01/2024,12/31/2024,41.7994022,-80.9614527
361308,UNIVERSITY HOSPITALS CONNEAUT MEDICAL CENTER,158 WEST MAIN ROAD,CONNEAUT,OH,44030,ASHTABULA,(440) 593-1131,PC_02,Cesarean Birth,Not Available,Not Available,5,01/01/2024,12/31/2024,41.9384845,-80.586495
361308,UNIVERSITY HOSPITALS CONNEAUT MEDICAL CENTER,158 WEST MAIN ROAD,CONNEAUT,OH,44030,ASHTABULA,(440) 593-1131,PC_07a,Risk Adjusted Severe Obstetric Complications (All),Not Available,Not Available,5,01/01/2024,12/31/2024,41.9384845,-80.586495
361308,UNIVERSITY HOSPITALS CONNEAUT MEDICAL CENTER,158 WEST MAIN ROAD,CONNEAUT,OH,44030,ASHTABULA,(440) 593-1131,PC_07b,Risk Adjusted Severe Obstetric Complications (excluding blood-transfusion-only cases),Not Available,Not Available,5,01/01/2024,12/31/2024,41.9384845,-80.586495
361308,UNIVERSITY HOSPITALS CONNEAUT MEDICAL CENTER,158 WEST MAIN ROAD,CONNEAUT,OH,44030,ASHTABULA,(440) 593-1131,SM_7,Maternal Morbidity Structural Measure,Not Applicable (our hospital does not provide inpatient labor/delivery care),Not Applicable,,01/01/2024,12/31/2024,41.9384845,-80.586495
361309,"HENRY COUNTY HOSPITAL, INC",1600 EAST RIVERVIEW AVENUE,NAPOLEON,OH,43545,HENRY,(419) 592-4015,PC_02,Cesarean Birth,Not Available,Not Available,5,01/01/2024,12/31/2024,41.3923,-84.1263
361309,"HENRY COUNTY HOSPITAL, INC",1600 EAST RIVERVIEW AVENUE,NAPOLEON,OH,43545,HENRY,(419) 592-4015,PC_07a,Risk Adjusted Severe Obstetric Complications (All),Not Available,Not Available,5,01/01/2024,12/31/2024,41.3923,-84.1263
361309,"HENRY COUNTY HOSPITAL, INC",1600 EAST RIVERVIEW AVENUE,NAPOLEON,OH,43545,HENRY,(419) 592-4015,PC_07b,Risk Adjusted Severe Obstetric Complications (excluding blood-transfusion-only cases),Not Available,Not Available,5,01/01/2024,12/31/2024,41.3923,-84.1263
361309,"HENRY COUNTY HOSPITAL, INC",1600 EAST RIVERVIEW AVENUE,NAPOLEON,OH,43545,HENRY,(419) 592-4015,SM_7,Maternal Morbidity Structural Measure,Not Applicable (our hospital does not provide inpatient labor/delivery care),Not Applicable,,01/01/2024,12/31/2024,41.3923,-84.1263
361310,MERCY HEALTH - WILLARD HOSPITAL,1100 NEAL ZICK ROAD,WILLARD,OH,44890,HURON,(419) 964-5000,PC_02,Cesarean Birth,Not Available,Not Available,5,01/01/2024,12/31/2024,41.0389166,-82.7097761
361310,MERCY HEALTH - WILLARD HOSPITAL,1100 NEAL ZICK ROAD,WILLARD,OH,44890,HURON,(419) 964-5000,PC_07a,Risk Adjusted Severe Obstetric Complications (All),Not Available,Not Available,5,01/01/2024,12/31/2024,41.0389166,-82.7097761
361310,MERCY HEALTH - WILLARD HOSPITAL,1100 NEAL ZICK ROAD,WILLARD,OH,44890,HURON,(419) 964-5000,PC_07b,Risk Adjusted Severe Obstetric Complications (excluding blood-transfusion-only cases),Not Available,Not Available,5,01/01/2024,12/31/2024,41.0389166,-82.7097761
361310,MERCY HEALTH - WILLARD HOSPITAL,1100 NEAL ZICK ROAD,WILLARD,OH,44890,HURON,(419) 964-5000,SM_7,Maternal Morbidity Structural Measure,Not Applicable (our hospital does not provide inpatient labor/delivery care),Not Applicable,,01/01/2024,12/31/2024,41.0389166,-82.7097761
361311,HARRISON COMMUNITY HOSPITAL,951 EAST MARKET STREET,CADIZ,OH,43907,HARRISON,(740) 942-8625,PC_02,Cesarean Birth,Not Available,Not Available,5,01/01/2024,12/31/2024,40.2573784,-80.9772646
361311,HARRISON COMMUNITY HOSPITAL,951 EAST MARKET STREET,CADIZ,OH,43907,HARRISON,(740) 942-8625,PC_07a,Risk Adjusted Severe Obstetric Complications (All),Not Available,Not Available,5,01/01/2024,12/31/2024,40.2573784,-80.9772646
361311,HARRISON COMMUNITY HOSPITAL,951 EAST MARKET STREET,CADIZ,OH,43907,HARRISON,(740) 942-8625,PC_07b,Risk Adjusted Severe Obstetric Complications (excluding blood-transfusion-only cases),Not Available,Not Available,5,01/01/2024,12/31/2024,40.2573784,-80.9772646
361311,HARRISON COMMUNITY HOSPITAL,951 EAST MARKET STREET,CADIZ,OH,43907,HARRISON,(740) 942-8625,SM_7,Maternal Morbidity Structural Measure,Not Available,Not Applicable,5,01/01/2024,12/31/2024,40.2573784,-80.9772646
361312,MERCY HEALTH - URBANA HOSPITAL,904 SCIOTO STREET,URBANA,OH,43078,CHAMPAIGN,(937) 653-5231,PC_02,Cesarean Birth,Not Available,Not Available,5,01/01/2024,12/31/2024,40.1078543,-83.7301076
361312,MERCY HEALTH - URBANA HOSPITAL,904 SCIOTO STREET,URBANA,OH,43078,CHAMPAIGN,(937) 653-5231,PC_07a,Risk Adjusted Severe Obstetric Complications (All),Not Available,Not Available,5,01/01/2024,12/31/2024,40.1078543,-83.7301076
361312,MERCY HEALTH - URBANA HOSPITAL,904 SCIOTO STREET,URBANA,OH,43078,CHAMPAIGN,(937) 653-5231,PC_07b,Risk Adjusted Severe Obstetric Complications (excluding blood-transfusion-only cases),Not Available,Not Available,5,01/01/2024,12/31/2024,40.1078543,-83.7301076
361312,MERCY HEALTH - URBANA HOSPITAL,904 SCIOTO STREET,URBANA,OH,43078,CHAMPAIGN,(937) 653-5231,SM_7,Maternal Morbidity Structural Measure,Not Applicable (our hospital does not provide inpatient labor/delivery care),Not Applicable,,01/01/2024,12/31/2024,40.1078543,-83.7301076
361313,OHIOHEALTH MORROW COUNTY HOSPITAL,651 WEST MARION ROAD,MOUNT GILEAD,OH,43338,MORROW,(419) 946-5015,PC_02,Cesarean Birth,Not Available,Not Available,5,01/01/2024,12/31/2024,,
361313,OHIOHEALTH MORROW COUNTY HOSPITAL,651 WEST MARION ROAD,MOUNT GILEAD,OH,43338,MORROW,(419) 946-5015,PC_07a,Risk Adjusted Severe Obstetric Complications (All),Not Available,Not Available,5,01/01/2024,12/31/2024,,
361313,OHIOHEALTH MORROW COUNTY HOSPITAL,651 WEST MARION ROAD,MOUNT GILEAD,OH,43338,MORROW,(419) 946-5015,PC_07b,Risk Adjusted Severe Obstetric Complications (excluding blood-transfusion-only cases),Not Available,Not Available,5,01/01/2024,12/31/2024,,
361313,OHIOHEALTH MORROW COUNTY HOSPITAL,651 WEST MARION ROAD,MOUNT GILEAD,OH,43338,MORROW,(419) 946-5015,SM_7,Maternal Morbidity Structural Measure,Not Available,Not Applicable,5,01/01/2024,12/31/2024,,
361314,MAGRUDER HOSPITAL,615 FULTON ST,PORT CLINTON,OH,43452,OTTAWA,(419) 734-3131,PC_02,Cesarean Birth,Not Available,Not Available,4,01/01/2024,12/31/2024,41.5057876,-82.9319503
361314,MAGRUDER HOSPITAL,615 FULTON ST,PORT CLINTON,OH,43452,OTTAWA,(419) 734-3131,PC_07a,Risk Adjusted Severe Obstetric Complications (All),Not Available,Not Available,5,01/01/2024,12/31/2024,41.5057876,-82.9319503
361314,MAGRUDER HOSPITAL,615 FULTON ST,PORT CLINTON,OH,43452,OTTAWA,(419) 734-3131,PC_07b,Risk Adjusted Severe Obstetric Complications (excluding blood-transfusion-only cases),Not Available,Not Available,5,01/01/2024,12/31/2024,41.5057876,-82.9319503
361314,MAGRUDER HOSPITAL,615 FULTON ST,PORT CLINTON,OH,43452,OTTAWA,(419) 734-3131,SM_7,Maternal Morbidity Structural Measure,Not Applicable (our hospital does not provide inpatient labor/delivery care),Not Applicable,,01/01/2024,12/31/2024,41.5057876,-82.9319503
361315,HARDIN MEMORIAL HOSPITAL,921 EAST FRANKLIN STREET,KENTON,OH,43326,HARDIN,(419) 673-0761,PC_02,Cesarean Birth,Not Available,Not Available,5,01/01/2024,12/31/2024,40.646514,-83.5958586
361315,HARDIN MEMORIAL HOSPITAL,921 EAST FRANKLIN STREET,KENTON,OH,43326,HARDIN,(419) 673-0761,PC_07a,Risk Adjusted Severe Obstetric Complications (All),Not Available,Not Available,5,01/01/2024,12/31/2024,40.646514,-83.5958586
361315,HARDIN MEMORIAL HOSPITAL,921 EAST FRANKLIN STREET,KENTON,OH,43326,HARDIN,(419) 673-0761,PC_07b,Risk Adjusted Severe Obstetric Complications (excluding blood-transfusion-only cases),Not Available,Not Available,5,01/01/2024,12/31/2024,40.646514,-83.5958586
361315,HARDIN MEMORIAL HOSPITAL,921 EAST FRANKLIN STREET,KENTON,OH,43326,HARDIN,(419) 673-0761,SM_7,Maternal Morbidity Structural Measure,Not Available,Not Applicable,5,01/01/2024,12/31/2024,40.646514,-83.5958586
361316,BUCYRUS COMMUNITY HOSPITAL,629 NORTH SANDUSKY AVENUE,BUCYRUS,OH,44820,CRAWFORD,(419) 563-9376,PC_02,Cesarean Birth,Not Available,Not Available,5,01/01/2024,12/31/2024,40.8152446,-82.9768647
361316,BUCYRUS COMMUNITY HOSPITAL,629 NORTH SANDUSKY AVENUE,BUCYRUS,OH,44820,CRAWFORD,(419) 563-9376,PC_07a,Risk Adjusted Severe Obstetric Complications (All),Not Available,Not Available,5,01/01/2024,12/31/2024,40.8152446,-82.9768647
361316,BUCYRUS COMMUNITY HOSPITAL,629 NORTH SANDUSKY AVENUE,BUCYRUS,OH,44820,CRAWFORD,(419) 563-9376,PC_07b,Risk Adjusted Severe Obstetric Complications (excluding blood-transfusion-only cases),Not Available,Not Available,5,01/01/2024,12/31/2024,40.8152446,-82.9768647
361316,BUCYRUS COMMUNITY HOSPITAL,629 NORTH SANDUSKY AVENUE,BUCYRUS,OH,44820,CRAWFORD,(419) 563-9376,SM_7,Maternal Morbidity Structural Measure,Not Applicable (our hospital does not provide inpatient labor/delivery care),Not Applicable,,01/01/2024,12/31/2024,40.8152446,-82.9768647
361318,FOSTORIA COMMUNITY HOSPITAL,501 VAN BUREN STREET,FOSTORIA,OH,44830,SENECA,(419) 435-7734,PC_02,Cesarean Birth,Not Available,Not Available,5,01/01/2024,12/31/2024,41.163566,-83.423193
361318,FOSTORIA COMMUNITY HOSPITAL,501 VAN BUREN STREET,FOSTORIA,OH,44830,SENECA,(419) 435-7734,PC_07a,Risk Adjusted Severe Obstetric Complications (All),Not Available,Not Available,5,01/01/2024,12/31/2024,41.163566,-83.423193
361318,FOSTORIA COMMUNITY HOSPITAL,501 VAN BUREN STREET,FOSTORIA,OH,44830,SENECA,(419) 435-7734,PC_07b,Risk Adjusted Severe Obstetric Complications (excluding blood-transfusion-only cases),Not Available,Not Available,5,01/01/2024,12/31/2024,41.163566,-83.423193
361318,FOSTORIA COMMUNITY HOSPITAL,501 VAN BUREN STREET,FOSTORIA,OH,44830,SENECA,(419) 435-7734,SM_7,Maternal Morbidity Structural Measure,Not Applicable (our hospital does not provide inpatient labor/delivery care),Not Applicable,,01/01/2024,12/31/2024,41.163566,-83.423193
361319,SELBY GENERAL HOSPITAL,1106 COLEGATE DRIVE,MARIETTA,OH,45750,WASHINGTON,(740) 568-2000,PC_02,Cesarean Birth,Not Available,Not Available,5,01/01/2024,12/31/2024,39.4397733,-81.4440309
361319,SELBY GENERAL HOSPITAL,1106 COLEGATE DRIVE,MARIETTA,OH,45750,WASHINGTON,(740) 568-2000,PC_07a,Risk Adjusted Severe Obstetric Complications (All),Not Available,Not Available,5,01/01/2024,12/31/2024,39.4397733,-81.4440309
361319,SELBY GENERAL HOSPITAL,1106 COLEGATE DRIVE,MARIETTA,OH,45750,WASHINGTON,(740) 568-2000,PC_07b,Risk Adjusted Severe Obstetric Complications (excluding blood-transfusion-only cases),Not Available,Not Available,5,01/01/2024,12/31/2024,39.4397733,-81.4440309
361319,SELBY GENERAL HOSPITAL,1106 COLEGATE DRIVE,MARIETTA,OH,45750,WASHINGTON,(740) 568-2000,SM_7,Maternal Morbidity Structural Measure,Not Applicable (our hospital does not provide inpatient labor/delivery care),Not Applicable,,01/01/2024,12/31/2024,39.4397733,-81.4440309
361320,HOLZER MEDICAL CENTER JACKSON,500 BURLINGTON ROAD,JACKSON,OH,45640,JACKSON,(740) 395-8500,PC_02,Cesarean Birth,Not Available,Not Available,5,01/01/2024,12/31/2024,39.0321799,-82.640562
361320,HOLZER MEDICAL CENTER JACKSON,500 BURLINGTON ROAD,JACKSON,OH,45640,JACKSON,(740) 395-8500,PC_07a,Risk Adjusted Severe Obstetric Complications (All),Not Available,Not Available,5,01/01/2024,12/31/2024,39.0321799,-82.640562
361320,HOLZER MEDICAL CENTER JACKSON,500 BURLINGTON ROAD,JACKSON,OH,45640,JACKSON,(740) 395-8500,PC_07b,Risk Adjusted Severe Obstetric Complications (excluding blood-transfusion-only cases),Not Available,Not Available,5,01/01/2024,12/31/2024,39.0321799,-82.640562
361320,HOLZER MEDICAL CENTER JACKSON,500 BURLINGTON ROAD,JACKSON,OH,45640,JACKSON,(740) 395-8500,SM_7,Maternal Morbidity Structural Measure,Not Applicable (our hospital does not provide inpatient labor/delivery care),Not Applicable,,01/01/2024,12/31/2024,39.0321799,-82.640562
361321,"BARNESVILLE HOSPITAL ASSOCIATION, INC",639 WEST MAIN STREET,BARNESVILLE,OH,43713,BELMONT,(740) 425-3941,PC_02,Cesarean Birth,Not Available,Not Available,5,01/01/2024,12/31/2024,39.9929607,-81.1890012
361321,"BARNESVILLE HOSPITAL ASSOCIATION, INC",639 WEST MAIN STREET,BARNESVILLE,OH,43713,BELMONT,(740) 425-3941,PC_07a,Risk Adjusted Severe Obstetric Complications (All),Not Available,Not Available,5,01/01/2024,12/31/2024,39.9929607,-81.1890012
361321,"BARNESVILLE HOSPITAL ASSOCIATION, INC",639 WEST MAIN STREET,BARNESVILLE,OH,43713,BELMONT,(740) 425-3941,PC_07b,Risk Adjusted Severe Obstetric Complications (excluding blood-transfusion-only cases),Not Available,Not Available,5,01/01/2024,12/31/2024,39.9929607,-81.1890012
361321,"BARNESVILLE HOSPITAL ASSOCIATION, INC",639 WEST MAIN STREET,BARNESVILLE,OH,43713,BELMONT,(740) 425-3941,SM_7,Maternal Morbidity Structural Measure,Not Available,Not Applicable,5,01/01/2024,12/31/2024,39.9929607,-81.1890012
361322,BLUFFTON HOSPITAL,139 GARAU STREET,BLUFFTON,OH,45817,ALLEN,(419) 358-9010,PC_02,Cesarean Birth,Not Available,Not Available,4,01/01/2024,12/31/2024,40.8876446,-83.8972412
361322,BLUFFTON HOSPITAL,139 GARAU STREET,BLUFFTON,OH,45817,ALLEN,(419) 358-9010,PC_07a,Risk Adjusted Severe Obstetric Complications (All),Not Available,Not Available,5,01/01/2024,12/31/2024,40.8876446,-83.8972412
361322,BLUFFTON HOSPITAL,139 GARAU STREET,BLUFFTON,OH,45817,ALLEN,(419) 358-9010,PC_07b,Risk Adjusted Severe Obstetric Complications (excluding blood-transfusion-only cases),Not Available,Not Available,5,01/01/2024,12/31/2024,40.8876446,-83.8972412
361322,BLUFFTON HOSPITAL,139 GARAU STREET,BLUFFTON,OH,45817,ALLEN,(419) 358-9010,SM_7,Maternal Morbidity Structural Measure,Not Applicable (our hospital does not provide inpatient labor/delivery care),Not Applicable,,01/01/2024,12/31/2024,40.8876446,-83.8972412
361323,AULTMAN ORRVILLE HOSPITAL,832 SOUTH MAIN STREET,ORRVILLE,OH,44667,WAYNE,(330) 682-3010,PC_02,Cesarean Birth,Not Available,Not Available,4,01/01/2024,12/31/2024,40.8318067,-81.7630692
361323,AULTMAN ORRVILLE HOSPITAL,832 SOUTH MAIN STREET,ORRVILLE,OH,44667,WAYNE,(330) 682-3010,PC_07a,Risk Adjusted Severe Obstetric Complications (All),Not Available,Not Available,4,01/01/2024,12/31/2024,40.8318067,-81.7630692
361323,AULTMAN ORRVILLE HOSPITAL,832 SOUTH MAIN STREET,ORRVILLE,OH,44667,WAYNE,(330) 682-3010,PC_07b,Risk Adjusted Severe Obstetric Complications (excluding blood-transfusion-only cases),Not Available,Not Available,4,01/01/2024,12/31/2024,40.8318067,-81.7630692
361323,AULTMAN ORRVILLE HOSPITAL,832 SOUTH MAIN STREET,ORRVILLE,OH,44667,WAYNE,(330) 682-3010,SM_7,Maternal Morbidity Structural Measure,Yes,Not Applicable,,01/01/2024,12/31/2024,40.8318067,-81.7630692
361324,OHIOHEALTH SHELBY HOSPITAL,199 WEST MAIN STREET,SHELBY,OH,44875,RICHLAND,(419) 342-5015,PC_02,Cesarean Birth,Not Available,Not Available,5,01/01/2024,12/31/2024,40.8821889,-82.6741042
361324,OHIOHEALTH SHELBY HOSPITAL,199 WEST MAIN STREET,SHELBY,OH,44875,RICHLAND,(419) 342-5015,PC_07a,Risk Adjusted Severe Obstetric Complications (All),Not Available,Not Available,5,01/01/2024,12/31/2024,40.8821889,-82.6741042
361324,OHIOHEALTH SHELBY HOSPITAL,199 WEST MAIN STREET,SHELBY,OH,44875,RICHLAND,(419) 342-5015,PC_07b,Risk Adjusted Severe Obstetric Complications (excluding blood-transfusion-only cases),Not Available,Not Available,5,01/01/2024,12/31/2024,40.8821889,-82.6741042
361324,OHIOHEALTH SHELBY HOSPITAL,199 WEST MAIN STREET,SHELBY,OH,44875,RICHLAND,(419) 342-5015,SM_7,Maternal Morbidity Structural Measure,Not Available,Not Applicable,5,01/01/2024,12/31/2024,40.8821889,-82.6741042
361325,GALION COMMUNITY HOSPITAL,269 PORTLAND WAY SOUTH,GALION,OH,44833,CRAWFORD,(419) 468-4841,PC_02,Cesarean Birth,Not Available,Not Available,4,01/01/2024,12/31/2024,40.7306831,-82.8021666
361325,GALION COMMUNITY HOSPITAL,269 PORTLAND WAY SOUTH,GALION,OH,44833,CRAWFORD,(419) 468-4841,PC_07a,Risk Adjusted Severe Obstetric Complications (All),Not Available,Not Available,5,01/01/2024,12/31/2024,40.7306831,-82.8021666
361325,GALION COMMUNITY HOSPITAL,269 PORTLAND WAY SOUTH,GALION,OH,44833,CRAWFORD,(419) 468-4841,PC_07b,Risk Adjusted Severe Obstetric Complications (excluding blood-transfusion-only cases),Not Available,Not Available,5,01/01/2024,12/31/2024,40.7306831,-82.8021666
361325,GALION COMMUNITY HOSPITAL,269 PORTLAND WAY SOUTH,GALION,OH,44833,CRAWFORD,(419) 468-4841,SM_7,Maternal Morbidity Structural Measure,Yes,Not Applicable,,01/01/2024,12/31/2024,40.7306831,-82.8021666
361326,ADAMS COUNTY REGIONAL MEDICAL CENTER,230 MEDICAL CENTER DRIVE,SEAMAN,OH,45679,ADAMS,(937) 386-3400,PC_02,Cesarean Birth,Not Available,Not Available,5,01/01/2024,12/31/2024,38.934208,-83.5846342
361326,ADAMS COUNTY REGIONAL MEDICAL CENTER,230 MEDICAL CENTER DRIVE,SEAMAN,OH,45679,ADAMS,(937) 386-3400,PC_07a,Risk Adjusted Severe Obstetric Complications (All),Not Available,Not Available,5,01/01/2024,12/31/2024,38.934208,-83.5846342
361326,ADAMS COUNTY REGIONAL MEDICAL CENTER,230 MEDICAL CENTER DRIVE,SEAMAN,OH,45679,ADAMS,(937) 386-3400,PC_07b,Risk Adjusted Severe Obstetric Complications (excluding blood-transfusion-only cases),Not Available,Not Available,5,01/01/2024,12/31/2024,38.934208,-83.5846342
361326,ADAMS COUNTY REGIONAL MEDICAL CENTER,230 MEDICAL CENTER DRIVE,SEAMAN,OH,45679,ADAMS,(937) 386-3400,SM_7,Maternal Morbidity Structural Measure,Not Available,Not Applicable,5,01/01/2024,12/31/2024,38.934208,-83.5846342
361327,COMMUNITY HOSPITALS AND WELLNESS CENTERS,909 EAST SNYDER AVENUE,MONTPELIER,OH,43543,WILLIAMS,(419) 636-1131,PC_02,Cesarean Birth,Not Available,Not Available,5,01/01/2024,12/31/2024,41.5905281,-84.5954691
361327,COMMUNITY HOSPITALS AND WELLNESS CENTERS,909 EAST SNYDER AVENUE,MONTPELIER,OH,43543,WILLIAMS,(419) 636-1131,PC_07a,Risk Adjusted Severe Obstetric Complications (All),Not Available,Not Available,5,01/01/2024,12/31/2024,41.5905281,-84.5954691
361327,COMMUNITY HOSPITALS AND WELLNESS CENTERS,909 EAST SNYDER AVENUE,MONTPELIER,OH,43543,WILLIAMS,(419) 636-1131,PC_07b,Risk Adjusted Severe Obstetric Complications (excluding blood-transfusion-only cases),Not Available,Not Available,5,01/01/2024,12/31/2024,41.5905281,-84.5954691
361327,COMMUNITY HOSPITALS AND WELLNESS CENTERS,909 EAST SNYDER AVENUE,MONTPELIER,OH,43543,WILLIAMS,(419) 636-1131,SM_7,Maternal Morbidity Structural Measure,Not Applicable (our hospital does not provide inpatient labor/delivery care),Not Applicable,,01/01/2024,12/31/2024,41.5905281,-84.5954691
361328,PROMEDICA DEFIANCE REGIONAL HOSPITAL,1200 RALSTON AVENUE,DEFIANCE,OH,43512,DEFIANCE,(419) 783-6955,PC_02,Cesarean Birth,Not Available,Not Available,4,01/01/2024,12/31/2024,41.2987708,-84.3769609
361328,PROMEDICA DEFIANCE REGIONAL HOSPITAL,1200 RALSTON AVENUE,DEFIANCE,OH,43512,DEFIANCE,(419) 783-6955,PC_07a,Risk Adjusted Severe Obstetric Complications (All),Not Available,Not Available,5,01/01/2024,12/31/2024,41.2987708,-84.3769609
361328,PROMEDICA DEFIANCE REGIONAL HOSPITAL,1200 RALSTON AVENUE,DEFIANCE,OH,43512,DEFIANCE,(419) 783-6955,PC_07b,Risk Adjusted Severe Obstetric Complications (excluding blood-transfusion-only cases),Not Available,Not Available,5,01/01/2024,12/31/2024,41.2987708,-84.3769609
361328,PROMEDICA DEFIANCE REGIONAL HOSPITAL,1200 RALSTON AVENUE,DEFIANCE,OH,43512,DEFIANCE,(419) 783-6955,SM_7,Maternal Morbidity Structural Measure,Yes,Not Applicable,,01/01/2024,12/31/2024,41.2987708,-84.3769609
361329,WYANDOT MEMORIAL HOSPITAL,885 NORTH SANDUSKY AVENUE,UPPER SANDUSKY,OH,43351,WYANDOT,(419) 294-4991,PC_02,Cesarean Birth,Not Available,Not Available,5,01/01/2024,12/31/2024,40.8404445,-83.2798478
361329,WYANDOT MEMORIAL HOSPITAL,885 NORTH SANDUSKY AVENUE,UPPER SANDUSKY,OH,43351,WYANDOT,(419) 294-4991,PC_07a,Risk Adjusted Severe Obstetric Complications (All),Not Available,Not Available,5,01/01/2024,12/31/2024,40.8404445,-83.2798478
361329,WYANDOT MEMORIAL HOSPITAL,885 NORTH SANDUSKY AVENUE,UPPER SANDUSKY,OH,43351,WYANDOT,(419) 294-4991,PC_07b,Risk Adjusted Severe Obstetric Complications (excluding blood-transfusion-only cases),Not Available,Not Available,5,01/01/2024,12/31/2024,40.8404445,-83.2798478
361329,WYANDOT MEMORIAL HOSPITAL,885 NORTH SANDUSKY AVENUE,UPPER SANDUSKY,OH,43351,WYANDOT,(419) 294-4991,SM_7,Maternal Morbidity Structural Measure,Not Available,Not Applicable,5,01/01/2024,12/31/2024,40.8404445,-83.2798478
361330,HOCKING VALLEY COMMUNITY HOSPITAL,601 STATE ROUTE 664N,LOGAN,OH,43138,HOCKING,(740) 380-8000,PC_02,Cesarean Birth,Not Available,Not Available,5,01/01/2024,12/31/2024,,
361330,HOCKING VALLEY COMMUNITY HOSPITAL,601 STATE ROUTE 664N,LOGAN,OH,43138,HOCKING,(740) 380-8000,PC_07a,Risk Adjusted Severe Obstetric Complications (All),Not Available,Not Available,5,01/01/2024,12/31/2024,,
361330,HOCKING VALLEY COMMUNITY HOSPITAL,601 STATE ROUTE 664N,LOGAN,OH,43138,HOCKING,(740) 380-8000,PC_07b,Risk Adjusted Severe Obstetric Complications (excluding blood-transfusion-only cases),Not Available,Not Available,5,01/01/2024,12/31/2024,,
361330,HOCKING VALLEY COMMUNITY HOSPITAL,601 STATE ROUTE 664N,LOGAN,OH,43138,HOCKING,(740) 380-8000,SM_7,Maternal Morbidity Structural Measure,Not Available,Not Applicable,5,01/01/2024,12/31/2024,,
361331,ADENA FAYETTE MEDICAL CENTER,1430 COLUMBUS AVENUE,WASHINGTON CH,OH,43160,FAYETTE,(740) 335-1210,PC_02,Cesarean Birth,Not Available,Not Available,5,01/01/2024,12/31/2024,,
361331,ADENA FAYETTE MEDICAL CENTER,1430 COLUMBUS AVENUE,WASHINGTON CH,OH,43160,FAYETTE,(740) 335-1210,PC_07a,Risk Adjusted Severe Obstetric Complications (All),Not Available,Not Available,5,01/01/2024,12/31/2024,,
361331,ADENA FAYETTE MEDICAL CENTER,1430 COLUMBUS AVENUE,WASHINGTON CH,OH,43160,FAYETTE,(740) 335-1210,PC_07b,Risk Adjusted Severe Obstetric Complications (excluding blood-transfusion-only cases),Not Available,Not Available,5,01/01/2024,12/31/2024,,
361331,ADENA FAYETTE MEDICAL CENTER,1430 COLUMBUS AVENUE,WASHINGTON CH,OH,43160,FAYETTE,(740) 335-1210,SM_7,Maternal Morbidity Structural Measure,Not Applicable (our hospital does not provide inpatient labor/delivery care),Not Applicable,,01/01/2024,12/31/2024,,
361332,HIGHLAND DISTRICT HOSPITAL,1275 NORTH HIGH STREET,HILLSBORO,OH,45133,HIGHLAND,(937) 393-6100,PC_02,Cesarean Birth,Not Available,Not Available,5,01/01/2024,12/31/2024,39.2213682,-83.6112878
361332,HIGHLAND DISTRICT HOSPITAL,1275 NORTH HIGH STREET,HILLSBORO,OH,45133,HIGHLAND,(937) 393-6100,PC_07a,Risk Adjusted Severe Obstetric Complications (All),Not Available,Not Available,5,01/01/2024,12/31/2024,39.2213682,-83.6112878
361332,HIGHLAND DISTRICT HOSPITAL,1275 NORTH HIGH STREET,HILLSBORO,OH,45133,HIGHLAND,(937) 393-6100,PC_07b,Risk Adjusted Severe Obstetric Complications (excluding blood-transfusion-only cases),Not Available,Not Available,5,01/01/2024,12/31/2024,39.2213682,-83.6112878
361332,HIGHLAND DISTRICT HOSPITAL,1275 NORTH HIGH STREET,HILLSBORO,OH,45133,HIGHLAND,(937) 393-6100,SM_7,Maternal Morbidity Structural Measure,Not Available,Not Applicable,5,01/01/2024,12/31/2024,39.2213682,-83.6112878
361333,FULTON COUNTY HEALTH CENTER,725 SOUTH SHOOP AVENUE,WAUSEON,OH,43567,FULTON,(419) 335-2015,PC_02,Cesarean Birth,Not Available,Not Available,4,01/01/2024,12/31/2024,41.5404156,-84.132713
361333,FULTON COUNTY HEALTH CENTER,725 SOUTH SHOOP AVENUE,WAUSEON,OH,43567,FULTON,(419) 335-2015,PC_07a,Risk Adjusted Severe Obstetric Complications (All),Not Available,Not Available,4,01/01/2024,12/31/2024,41.5404156,-84.132713
361333,FULTON COUNTY HEALTH CENTER,725 SOUTH SHOOP AVENUE,WAUSEON,OH,43567,FULTON,(419) 335-2015,PC_07b,Risk Adjusted Severe Obstetric Complications (excluding blood-transfusion-only cases),Not Available,Not Available,4,01/01/2024,12/31/2024,41.5404156,-84.132713
361333,FULTON COUNTY HEALTH CENTER,725 SOUTH SHOOP AVENUE,WAUSEON,OH,43567,FULTON,(419) 335-2015,SM_7,Maternal Morbidity Structural Measure,Not Available,Not Applicable,5,01/01/2024,12/31/2024,41.5404156,-84.132713
361334,ADENA PIKE MEDICAL CENTER,100 DAWN LANE,WAVERLY,OH,45690,PIKE,(740) 947-2186,PC_02,Cesarean Birth,Not Available,Not Available,5,01/01/2024,12/31/2024,39.1172375,-83.0058
361334,ADENA PIKE MEDICAL CENTER,100 DAWN LANE,WAVERLY,OH,45690,PIKE,(740) 947-2186,PC_07a,Risk Adjusted Severe Obstetric Complications (All),Not Available,Not Available,5,01/01/2024,12/31/2024,39.1172375,-83.0058
361334,ADENA PIKE MEDICAL CENTER,100 DAWN LANE,WAVERLY,OH,45690,PIKE,(740) 947-2186,PC_07b,Risk Adjusted Severe Obstetric Complications (excluding blood-transfusion-only cases),Not Available,Not Available,5,01/01/2024,12/31/2024,39.1172375,-83.0058
361334,ADENA PIKE MEDICAL CENTER,100 DAWN LANE,WAVERLY,OH,45690,PIKE,(740) 947-2186,SM_7,Maternal Morbidity Structural Measure,Not Applicable (our hospital does not provide inpatient labor/delivery care),Not Applicable,,01/01/2024,12/31/2024,39.1172375,-83.0058
363300,CINCINNATI CHILDREN'S HOSPITAL MEDICAL CENTER,3333 BURNET AVENUE,CINCINNATI,OH,45229,HAMILTON,(513) 636-3333,SM_7,Maternal Morbidity Structural Measure,Not Available,Not Applicable,19,01/01/2024,12/31/2024,39.1412669,-84.5004659
363302,RAINBOW BABIES AND CHILDRENS HOSPITAL,11100 EUCLID AVENUE,CLEVELAND,OH,44106,CUYAHOGA,(216) 844-1000,SM_7,Maternal Morbidity Structural Measure,Not Available,Not Applicable,19,01/01/2024,12/31/2024,41.5057921,-81.606233
363303,AKRON CHILDREN'S HOSPITAL,1 PERKINS SQUARE,AKRON,OH,44308,SUMMIT,(330) 543-8290,SM_7,Maternal Morbidity Structural Measure,Not Available,Not Applicable,19,01/01/2024,12/31/2024,41.0792309,-81.5257958
363304,CLEVELAND CLINIC CHILDREN'S HOSPITAL FOR REHAB,"2801 MARTIN LUTHER KING, JR DRIVE",CLEVELAND,OH,44104,CUYAHOGA,(216) 448-6400,SM_7,Maternal Morbidity Structural Measure,Not Available,Not Applicable,19,01/01/2024,12/31/2024,41.4993,-81.6944
363305,NATIONWIDE CHILDREN'S HOSPITAL,700 CHILDREN'S DRIVE,COLUMBUS,OH,43205,FRANKLIN,(614) 722-2000,SM_7,Maternal Morbidity Structural Measure,Not Available,Not Applicable,19,01/01/2024,12/31/2024,39.9520639,-82.9790074
363306,DAYTON CHILDRENS HOSPITAL,1 CHILDRENS PLZ,DAYTON,OH,45404,MONTGOMERY,(937) 641-5509,SM_7,Maternal Morbidity Structural Measure,Not Available,Not Applicable,19,01/01/2024,12/31/2024,39.7741205,-84.1684105
363308,SHRINERS HOSPITALS FOR CHILDREN,"1 CHILDREN'S PLAZA, 2 WEST",DAYTON,OH,45404,MONTGOMERY,(513) 872-6000,SM_7,Maternal Morbidity Structural Measure,Not Available,Not Applicable,19,01/01/2024,12/31/2024,39.7589,-84.1916
363309,"NATIONWIDE CHILDREN'S HOSPITAL TOLEDO, LLC",2213 CHERRY STREET,TOLEDO,OH,43608,LUCAS,(419) 251-3232,SM_7,Maternal Morbidity Structural Measure,Not Available,Not Applicable,19,01/01/2024,12/31/2024,41.6685845,-83.5426939
